-- phpMyAdmin SQL Dump
-- version 5.1.1
-- https://www.phpmyadmin.net/
--
-- Host: 127.0.0.1
-- Generation Time: Jul 20, 2021 at 02:09 PM
-- Server version: 10.4.19-MariaDB
-- PHP Version: 7.4.20

SET SQL_MODE = "NO_AUTO_VALUE_ON_ZERO";
START TRANSACTION;
SET time_zone = "+00:00";


/*!40101 SET @OLD_CHARACTER_SET_CLIENT=@@CHARACTER_SET_CLIENT */;
/*!40101 SET @OLD_CHARACTER_SET_RESULTS=@@CHARACTER_SET_RESULTS */;
/*!40101 SET @OLD_COLLATION_CONNECTION=@@COLLATION_CONNECTION */;
/*!40101 SET NAMES utf8mb4 */;

--
-- Database: `rio`
--

-- --------------------------------------------------------

--
-- Table structure for table `access_modules`
--

CREATE TABLE `access_modules` (
  `id` bigint(20) UNSIGNED NOT NULL,
  `user_id` int(10) UNSIGNED NOT NULL,
  `controller_id` int(10) UNSIGNED NOT NULL,
  `action_id` int(10) UNSIGNED NOT NULL,
  `created_at` timestamp NULL DEFAULT NULL,
  `updated_at` timestamp NULL DEFAULT NULL
) ENGINE=InnoDB DEFAULT CHARSET=utf8mb4 COLLATE=utf8mb4_unicode_ci;

-- --------------------------------------------------------

--
-- Table structure for table `actions`
--

CREATE TABLE `actions` (
  `id` int(10) UNSIGNED NOT NULL,
  `action` varchar(255) COLLATE utf8mb4_unicode_ci NOT NULL,
  `controller_id` int(11) NOT NULL,
  `publish` tinyint(4) NOT NULL,
  `created_at` timestamp NULL DEFAULT NULL,
  `updated_at` timestamp NULL DEFAULT NULL
) ENGINE=InnoDB DEFAULT CHARSET=utf8mb4 COLLATE=utf8mb4_unicode_ci;

--
-- Dumping data for table `actions`
--

INSERT INTO `actions` (`id`, `action`, `controller_id`, `publish`, `created_at`, `updated_at`) VALUES
(1, 'index', 3, 1, '2021-04-22 08:56:25', '2021-04-22 08:56:25'),
(5, 'index1', 3, 1, '2021-04-22 09:10:04', '2021-04-22 09:10:04');

-- --------------------------------------------------------

--
-- Table structure for table `add_batch_manufacture`
--

CREATE TABLE `add_batch_manufacture` (
  `id` bigint(20) UNSIGNED NOT NULL,
  `proName` int(11) DEFAULT 0,
  `bmrNo` varchar(255) COLLATE utf8mb4_unicode_ci DEFAULT NULL,
  `batchNo` varchar(255) COLLATE utf8mb4_unicode_ci DEFAULT NULL,
  `refMfrNo` varchar(255) COLLATE utf8mb4_unicode_ci DEFAULT NULL,
  `grade` varchar(255) COLLATE utf8mb4_unicode_ci DEFAULT NULL,
  `BatchSize` varchar(255) COLLATE utf8mb4_unicode_ci DEFAULT NULL,
  `Viscosity` varchar(255) COLLATE utf8mb4_unicode_ci DEFAULT NULL,
  `ProductionCommencedon` varchar(255) COLLATE utf8mb4_unicode_ci DEFAULT NULL,
  `ProductionCompletedon` varchar(255) COLLATE utf8mb4_unicode_ci DEFAULT NULL,
  `ManufacturingDate` varchar(255) COLLATE utf8mb4_unicode_ci DEFAULT NULL,
  `RetestDate` varchar(255) COLLATE utf8mb4_unicode_ci DEFAULT NULL,
  `doneBy` int(11) DEFAULT 0,
  `checkedBy` int(11) DEFAULT 0,
  `inlineRadioOptions` varchar(255) COLLATE utf8mb4_unicode_ci DEFAULT NULL,
  `approval` tinyint(4) DEFAULT 0,
  `approvalDate` varchar(255) COLLATE utf8mb4_unicode_ci DEFAULT NULL,
  `checkedByI` int(11) DEFAULT 0,
  `Remark` varchar(255) COLLATE utf8mb4_unicode_ci DEFAULT NULL,
  `is_delete` int(11) DEFAULT NULL,
  `is_active` int(11) DEFAULT NULL,
  `created_at` timestamp NULL DEFAULT NULL,
  `updated_at` timestamp NULL DEFAULT NULL
) ENGINE=InnoDB DEFAULT CHARSET=utf8mb4 COLLATE=utf8mb4_unicode_ci;

--
-- Dumping data for table `add_batch_manufacture`
--

INSERT INTO `add_batch_manufacture` (`id`, `proName`, `bmrNo`, `batchNo`, `refMfrNo`, `grade`, `BatchSize`, `Viscosity`, `ProductionCommencedon`, `ProductionCompletedon`, `ManufacturingDate`, `RetestDate`, `doneBy`, `checkedBy`, `inlineRadioOptions`, `approval`, `approvalDate`, `checkedByI`, `Remark`, `is_delete`, `is_active`, `created_at`, `updated_at`) VALUES
(1, 30, 'Test 123', '123', 'RCIPL/MFR/01/01', '123', '20kg', '2000-2500 cSt', '2021-06-28', '2021-06-28', '2021-06-28', '2021-06-28', 1, 1, NULL, 0, NULL, 1, NULL, 1, 1, '2021-06-28 18:21:44', '2021-07-12 11:11:40'),
(2, 30, '12345', '1256', '12256', '123', '123', NULL, '2021-06-29', '2021-06-29', '2021-06-29', '2021-06-29', 1, 1, NULL, NULL, NULL, 1, NULL, 1, 1, '2021-06-29 18:26:26', '2021-06-29 18:26:26'),
(3, 30, 'RCIPL/BMR/Flx-2300/0922', 'sadsa', 'RCIPL/MFR/01/01122', 'sas', 'KJ', 'asdasd', '2021-06-30', '2021-06-30', '2021-06-30', '2021-06-30', 1, 1, NULL, NULL, NULL, 1, NULL, 1, 1, '2021-06-30 10:39:58', '2021-06-30 10:39:58'),
(4, 30, '123', '123456', '1234', '123', '20K', NULL, '2021-06-30', '2021-06-30', '2021-06-30', '2021-06-30', 1, 1, NULL, 1, NULL, 1, NULL, 1, 1, '2021-06-30 17:54:39', '2021-06-30 17:54:39'),
(5, 30, '1212', '12121', '1212', '12', '1212', '121', '2021-06-30', '2021-06-30', '2021-06-30', '2021-06-30', 1, 1, NULL, 1, NULL, 1, NULL, 1, 1, '2021-06-30 18:04:19', '2021-06-30 18:04:19'),
(6, 30, 'adasd', 'adsasd', 'ada', 'asd', 'asd', NULL, '2021-07-05', '2021-07-05', '2021-07-05', '2021-07-05', 1, 1, NULL, 1, NULL, 1, NULL, 1, 1, '2021-07-05 17:08:36', '2021-07-05 17:08:36'),
(7, 31, '123', '12486', '123', 'A', '15KG', NULL, '2021-07-05', '2021-07-05', '2021-07-05', '2021-07-05', 1, 1, NULL, 1, NULL, 1, 'Create New Batch', 1, 1, '2021-07-05 17:15:21', '2021-07-05 17:15:21'),
(8, 31, '1223', '12', '1236', '20', 'asa', NULL, '2021-07-05', '2021-07-05', '2021-07-05', '2021-07-05', 1, 1, NULL, 1, NULL, 1, NULL, 1, 1, '2021-07-05 17:28:26', '2021-07-05 17:28:26'),
(9, 30, '1231', '121', 'dd332', 'A', '5', '55', '2021-07-06', '2021-07-06', '2021-07-06', '2021-07-06', 1, 1, NULL, 1, NULL, 1, 'sOME REMARK', 1, 1, '2021-07-06 11:07:54', '2021-07-06 11:07:54'),
(10, 31, '123121', '1225', 'AS1212', 'pLUS', '5', '12', '2021-07-06', '2021-07-06', '2021-07-06', '2021-07-06', 1, 1, NULL, 1, NULL, 1, 'ASDADA', 1, 1, '2021-07-06 11:14:23', '2021-07-06 11:14:23'),
(11, 30, '1231', '1225', 'dd332', 'A', '5', '55', '2021-07-06', '2021-07-06', '2021-07-06', '2021-07-06', 1, 1, NULL, 1, NULL, 1, 'asdadsad', 1, 1, '2021-07-06 11:31:41', '2021-07-06 11:31:41'),
(12, 30, '1', '1', '1', '1', '1', '1', '2021-07-06', '2021-07-06', '2021-07-06', '2021-07-06', 1, 1, NULL, 1, NULL, 1, 'Note', 1, 1, '2021-07-06 11:52:09', '2021-07-06 11:52:09'),
(13, 30, '1231', '121', 'dd332', 'A', '5', '55', '2021-07-06', '2021-07-06', '2021-07-06', '2021-07-06', 1, 1, NULL, 1, NULL, 1, '52252', 1, 1, '2021-07-06 11:58:53', '2021-07-06 11:58:53'),
(14, 30, 'qweqw', 'sadas', 'qwe11', 'A', '12', '55', '2021-07-06', '2021-07-06', '2021-07-06', '2021-07-06', 1, 1, NULL, 1, NULL, 1, 'sadqdq', 1, 1, '2021-07-06 12:17:04', '2021-07-06 12:17:04'),
(15, 31, '1231', '121', 'dd332', 'A', '5', '12', '2021-07-06', '2021-07-06', '2021-07-06', '2021-07-06', 1, 1, NULL, 1, NULL, 1, NULL, 1, 1, '2021-07-06 12:23:23', '2021-07-06 12:23:23'),
(16, 31, '42', '42', '42', '42', '42', '42', '2021-07-06', '2021-07-06', '2021-07-06', '2021-07-06', 1, 1, NULL, 1, NULL, 1, '42', 1, 1, '2021-07-06 13:08:58', '2021-07-06 13:08:58'),
(17, 30, '111', '111', '111', '111', '111', '111', '2021-07-06', '2021-07-06', '2021-07-06', '2021-07-06', 1, 1, NULL, 1, NULL, 1, '111', 1, 1, '2021-07-06 13:33:38', '2021-07-06 13:33:38'),
(18, 31, '1001', '52', '65', 'A', '60', '11', '2021-07-07', '2021-07-07', '2021-07-07', '2021-07-07', 1, 1, NULL, 1, NULL, 1, NULL, 1, 1, '2021-07-07 05:13:38', '2021-07-07 05:13:38'),
(19, 31, 'A', '121', 'AS1212', 'A', '1', '12', '2021-07-07', '2021-07-07', '2021-07-07', '2021-07-07', 1, 1, NULL, 1, NULL, 1, NULL, 1, 1, '2021-07-07 06:54:31', '2021-07-07 06:54:31'),
(20, 30, 'test', 'test', 'test', 'test', 'test', 'test', '2021-07-07', '2021-07-07', '2021-07-07', '2021-07-07', 1, 1, NULL, 1, NULL, 1, NULL, 1, 1, '2021-07-07 07:45:57', '2021-07-07 07:45:57'),
(21, 30, 'test1', 'test1', 'test1', 'test1', '50', '2', '2021-07-07', '2021-07-07', '2021-07-07', '2021-07-07', 1, 1, NULL, 1, NULL, 1, 'asdasdad', 1, 1, '2021-07-07 07:52:49', '2021-07-07 07:52:49'),
(22, 31, 'sad', 'dasdas', 'dasd', 'sadasd', 'sad', 'sada', '2021-07-07', '2021-07-07', '2021-07-07', '2021-07-07', 1, 1, NULL, 1, NULL, 1, NULL, 1, 1, '2021-07-07 08:13:17', '2021-07-07 08:13:17'),
(23, 30, 'Govt', 'Govt', 'Govt', 'Govt', 'Govt', 'Govt', '2021-07-07', '2021-07-07', '2021-07-07', '2021-07-07', 1, 1, NULL, 1, NULL, 1, 'Govt', 1, 1, '2021-07-07 08:22:09', '2021-07-07 08:22:09'),
(24, 30, 'BMR No.', 'Batch No.', 'Ref MFR No.', 'Grade', 'Batch Size', 'Viscosity', '2021-07-07', '2021-07-07', '2021-07-07', '2021-07-07', 1, 1, NULL, 1, NULL, 1, 'Note / Remark', 1, 1, '2021-07-07 08:34:13', '2021-07-07 08:34:13'),
(25, 30, '950', '950', '950', '950', '950', '950', '2021-07-07', '2021-07-07', '2021-07-07', '2021-07-07', 1, 1, NULL, 1, NULL, 1, '950', 1, 1, '2021-07-07 08:38:40', '2021-07-07 08:38:40'),
(26, 33, '151', '151', '151', '151', '151', '151', '2021-07-07', '2021-07-07', '2021-07-07', '2021-07-07', 1, 1, NULL, 1, NULL, 1, '151', 1, 1, '2021-07-07 08:49:03', '2021-07-07 08:49:03'),
(27, 33, '950', '950', '950', '950', '950', '950', '2021-07-07', '2021-07-07', '2021-07-07', '2021-07-07', 1, 1, NULL, 1, NULL, 1, 'dsadsad', 1, 1, '2021-07-07 09:03:19', '2021-07-07 09:03:19'),
(28, 33, '1', '2', '3', '4', '5', '6', '2021-07-07', '2021-07-07', '2021-07-07', '2021-07-07', 1, 1, NULL, 1, NULL, 1, '7', 1, 1, '2021-07-07 11:14:27', '2021-07-07 11:14:27'),
(29, 33, '1', '2', '3', '4', '5', '6', '2021-07-07', '2021-07-07', '2021-07-07', '2021-07-07', 1, 1, NULL, 1, NULL, 1, '7', 1, 1, '2021-07-07 11:17:40', '2021-07-07 11:17:40'),
(30, 31, '12', '23', '34', '45', '56', '67', '2021-07-07', '2021-07-07', '2021-07-07', '2021-07-07', 1, 1, NULL, 1, NULL, 1, '78', 1, 1, '2021-07-07 11:35:26', '2021-07-07 11:35:26'),
(31, 33, '1', '2', '3', '4', '5', '6', '2021-07-07', '2021-07-07', '2021-07-07', '2021-07-07', 1, 1, NULL, 1, NULL, 1, '8', 1, 1, '2021-07-07 12:13:14', '2021-07-07 12:13:14'),
(32, 33, '1213', '1231', '12123', '12321', '1321', '121', '2021-07-07', '2021-07-07', '2021-07-07', '2021-07-07', 1, 1, NULL, 1, NULL, 1, '1212132', 1, 1, '2021-07-07 12:19:14', '2021-07-07 12:19:14'),
(33, 33, '1231', '11', '1', '11', '1', '1', '2021-01-01', '2021-07-07', '2021-04-07', '2021-07-07', 1, 1, NULL, 1, NULL, 1, 'a', 1, 1, '2021-07-07 13:32:32', '2021-07-07 13:32:32'),
(34, 33, '12', '12', '12', '12', '1212', '12', '2021-07-08', '2021-07-08', '2021-07-08', '2021-07-08', 1, 1, NULL, 1, NULL, 1, 'asda', 1, 1, '2021-07-08 09:53:51', '2021-07-08 09:53:51'),
(35, 33, '1', '12', '12', '42', '111', '12', '2021-07-08', '2021-07-08', '2021-07-08', '2021-07-08', 1, 1, NULL, 1, NULL, 1, NULL, 1, 1, '2021-07-08 10:06:05', '2021-07-08 10:06:05'),
(36, 33, '1212', '1212', '1212', '1212', '1212', '1212', '2021-07-08', '2021-07-08', '2021-07-08', '2021-07-08', 1, 1, NULL, 1, NULL, 1, 'Notes', 1, 1, '2021-07-08 10:27:22', '2021-07-08 10:27:22'),
(37, 33, '1', '1', '1', '1', '1', '1', '2021-07-08', '2021-07-08', '2021-07-08', '2021-07-08', 1, 1, NULL, 1, NULL, 1, '1', 1, 1, '2021-07-08 10:47:55', '2021-07-08 10:47:55'),
(38, 33, '159', '159', '159', '159', '159', '159', '2021-07-09', '2021-07-09', '2021-07-09', '2021-07-09', 1, 1, NULL, 1, NULL, 1, 'XASCACACA', 1, 1, '2021-07-09 04:59:59', '2021-07-09 04:59:59'),
(39, 33, '21', '21', '21', '21', '21', '21', '2021-07-09', '2021-07-09', '2021-07-09', '2021-07-09', 1, 1, NULL, 1, NULL, 1, '21', 1, 1, '2021-07-09 06:13:36', '2021-07-09 06:13:36'),
(40, 30, '1', '121', 'dd332', '4', '111', '55', '2021-05-08', '2021-07-09', '2021-07-09', '2021-07-09', 1, 1, NULL, 1, NULL, 1, NULL, 1, 1, '2021-07-09 07:03:34', '2021-07-09 07:03:34'),
(41, 30, '1', '121', '1', 'A', '950', '55', '2021-07-08', '2021-07-09', '2021-07-09', '2021-07-09', 1, 1, NULL, 1, NULL, 1, 'sada', 1, 1, '2021-07-09 07:22:23', '2021-07-09 07:22:23'),
(42, 33, '1', '121', '1', '950', '111', '55', '2021-06-07', '2021-07-09', '2021-07-09', '2021-07-09', 1, 1, NULL, 1, NULL, 1, 'dsadsa', 1, 1, '2021-07-09 10:59:28', '2021-07-09 10:59:28'),
(43, 30, '11111', '11111', '11111', '11111', '11111', '11111', '2021-07-09', '2021-07-09', '2021-07-09', '2021-07-09', 1, 1, NULL, 1, NULL, 1, '11111', 1, 1, '2021-07-09 11:20:21', '2021-07-09 11:20:21'),
(44, 30, 'BMR No.', '5535', '5535', '5535', '5535', '5535', '2021-07-09', '2021-07-09', '2021-07-09', '2021-07-09', 1, 1, NULL, 1, NULL, 1, '5535', 1, 1, '2021-07-09 11:36:05', '2021-07-09 11:36:05'),
(45, 30, '44', '44', '44', '44', '44', '4', '2021-06-03', '2021-07-04', '2021-07-09', '2021-07-09', 1, 1, NULL, 1, NULL, 1, '4444', 1, 1, '2021-07-09 11:48:22', '2021-07-09 11:48:22'),
(46, 30, '1', '121', '1', '42', '111', '55', '2021-07-09', '2021-07-09', '2021-07-09', '2021-07-09', 1, 1, NULL, 1, NULL, 1, '1132', 1, 1, '2021-07-09 11:58:40', '2021-07-09 11:58:40'),
(47, 33, '1', '999', '9', '9', '9', '99', '2021-07-09', '2021-07-09', '2021-07-09', '2021-07-09', 1, 1, NULL, 1, NULL, 1, '2021', 1, 1, '2021-07-09 12:01:34', '2021-07-09 12:01:34'),
(48, 30, '123', '123', '123', '123', '123', '123', '2021-07-09', '2021-07-09', '2021-07-09', '2021-07-09', 1, 1, NULL, 1, NULL, 1, NULL, 1, 1, '2021-07-09 12:05:35', '2021-07-09 12:05:35'),
(49, 30, '1', '2', 'dd332', 'A', '2', '12', '2021-05-08', '2021-07-09', '2021-07-09', '2021-07-09', 1, 1, NULL, 1, NULL, 1, '11', 1, 1, '2021-07-09 12:34:04', '2021-07-09 12:34:04'),
(50, 31, '22', '22', '22', '22', '22', '22', '2021-02-02', '2021-07-09', '2021-07-09', '2021-07-09', 1, 1, NULL, 1, NULL, 1, NULL, 1, 1, '2021-07-09 12:48:54', '2021-07-09 12:48:54'),
(51, 33, '1', '2', '3', '4', '56', '6', '2021-07-12', '2021-07-12', '2021-07-12', '2021-07-12', 1, 1, NULL, 1, NULL, 1, NULL, 1, 1, '2021-07-12 10:31:42', '2021-07-12 10:31:42'),
(52, 33, '12', '315', '1', 'A', '111', '55', '2021-07-11', '2021-07-12', '2021-07-12', '2021-07-12', 1, 1, NULL, 1, NULL, 1, NULL, 1, 1, '2021-07-12 11:14:22', '2021-07-12 11:14:22'),
(53, 31, '1', '121', '1', '950', '5', '6', '2021-06-11', '2021-07-11', '2021-07-12', '2021-07-12', 1, 1, NULL, 1, NULL, 1, NULL, 1, 1, '2021-07-12 11:32:26', '2021-07-12 11:32:26'),
(54, 33, '21', '21', '23', '1', '20', '15', '2021-07-13', '2021-07-13', '2021-07-13', '2021-07-13', 1, 1, NULL, 1, NULL, 1, NULL, 1, 1, '2021-07-13 05:51:10', '2021-07-13 05:51:10'),
(55, 33, '333', '333', '333', '333', '333', '333', '2021-07-13', '2021-07-13', '2021-07-13', '2021-07-13', 1, 1, NULL, 1, NULL, 1, NULL, 1, 1, '2021-07-13 07:57:56', '2021-07-13 07:57:56'),
(56, 30, '950', '381', '831', '5', '50', '9', '2021-07-13', '2021-07-13', '2021-07-13', '2021-07-13', 1, 1, NULL, 1, NULL, 1, NULL, 1, 1, '2021-07-13 08:04:07', '2021-07-13 08:04:07'),
(57, 33, '258', '369', '147', '5', '80', '6', '2021-07-13', '2021-07-13', '2021-07-13', '2021-07-13', 1, 1, NULL, 1, NULL, 1, '1234', 1, 1, '2021-07-13 11:18:08', '2021-07-13 11:18:08'),
(58, 33, '1', '456', '1', 'A', '5', '55', '2020-06-12', '2021-07-12', '2021-07-13', '2021-07-13', 1, 1, NULL, 1, NULL, 1, NULL, 1, 1, '2021-07-13 13:04:53', '2021-07-13 13:04:53'),
(59, 31, '1', '258', '1', 'A', '5', '55', '2020-06-12', '2021-06-12', '2021-07-13', '2021-07-13', 1, 1, NULL, 1, NULL, 1, NULL, 1, 1, '2021-07-13 13:06:52', '2021-07-13 13:06:52'),
(60, 33, '5', '5', '5', '55', '50', '20', '2021-07-14', '2021-07-14', '2021-07-14', '2021-07-14', 1, 1, NULL, 1, NULL, 1, NULL, 1, 1, '2021-07-14 05:21:00', '2021-07-14 05:21:00'),
(61, 33, '1', '1001', '1', '1', '30', '5', '2021-07-14', '2021-07-14', '2021-07-14', '2021-07-14', 1, 1, NULL, 1, NULL, 1, NULL, 1, 1, '2021-07-14 06:31:09', '2021-07-14 06:31:09'),
(62, 30, '10', '1002', '2', '3', '40', '5', '2021-07-14', '2021-07-14', '2021-07-14', '2021-07-14', 1, 1, NULL, 1, NULL, 1, NULL, 1, 1, '2021-07-14 06:46:32', '2021-07-14 09:42:38'),
(63, 33, '2684', '1793', '8520', '214785', '90', '5', '2021-07-14', '2021-07-14', '2021-07-14', '2021-07-14', 1, 1, NULL, 1, NULL, 1, '123456789', 1, 1, '2021-07-14 09:47:08', '2021-07-14 09:47:08'),
(64, 33, '9', '887', '5', '5', '5', '5', '2021-07-14', '2021-07-14', '2021-07-14', '2021-07-14', 1, 1, NULL, 1, NULL, 1, NULL, 1, 1, '2021-07-14 10:31:28', '2021-07-14 10:31:28'),
(65, 31, '1', '4567', '1', 'A', '50', '55', '2020-06-13', '2021-07-14', '2021-07-14', '2021-07-14', 1, 1, NULL, 1, NULL, 1, NULL, 1, 1, '2021-07-14 13:22:54', '2021-07-14 13:22:54'),
(66, 33, '201', '201', '201', '201', '201', '201', '2021-07-15', '2021-07-15', '2021-07-15', '2021-07-15', 1, 1, NULL, 1, NULL, 1, NULL, 1, 1, '2021-07-15 04:46:00', '2021-07-15 04:46:00'),
(67, 31, '98', '98', '102', '36', '50', '15', '2021-07-15', '2021-07-15', '2021-07-15', '2021-07-15', 1, 1, NULL, 1, NULL, 1, NULL, 1, 1, '2021-07-15 06:31:58', '2021-07-15 06:31:58'),
(68, 33, '5656', '56', '56', '56', '56', '56', '2021-07-15', '2021-07-15', '2021-07-15', '2021-07-15', 1, 1, NULL, 1, NULL, 1, NULL, 1, 1, '2021-07-15 08:27:59', '2021-07-15 08:27:59'),
(69, 33, '57', '57', '57', '575', '50', '57', '2021-07-15', '2021-07-15', '2021-07-15', '2021-07-15', 1, 1, NULL, 1, NULL, 1, NULL, 1, 1, '2021-07-15 12:26:30', '2021-07-15 12:26:30'),
(70, 30, '231', '25', '96', '55', '20', '5', '2021-07-15', '2021-07-15', '2021-07-15', '2021-07-15', 1, 1, NULL, 1, NULL, 1, NULL, 1, 1, '2021-07-15 13:06:31', '2021-07-15 13:06:31'),
(71, 31, '99', '996', '582', '1', '20', '56', '2021-07-16', '2021-07-16', '2021-07-16', '2021-07-16', 1, 1, NULL, 1, NULL, 1, NULL, 1, 1, '2021-07-16 04:44:50', '2021-07-16 04:44:50'),
(72, 30, '985/asd', 'B5982/HJK', '552OP', '60', '90', '5', '2021-07-16', '2021-07-16', '2021-07-16', '2021-07-16', 1, 1, NULL, 1, NULL, 1, NULL, 1, 1, '2021-07-16 10:08:51', '2021-07-16 10:08:51'),
(73, 30, '52', '523', '523', '5235', '523', '523', '2021-07-16', '2021-07-16', '2021-07-16', '2021-07-16', 1, 1, NULL, 1, NULL, 1, NULL, 1, 1, '2021-07-16 10:09:55', '2021-07-16 10:09:55'),
(74, 30, '21', '235', '235', '235', '235', '235', '2021-07-16', '2021-07-16', '2021-07-16', '2021-07-16', 1, 1, NULL, 1, NULL, 1, NULL, 1, 1, '2021-07-16 10:14:04', '2021-07-16 10:14:04'),
(75, 30, '2', '5956', '6', '5', '5956', '5956', '2021-07-16', '2021-07-16', '2021-07-16', '2021-07-16', 1, 1, NULL, 1, NULL, 1, NULL, 1, 1, '2021-07-16 10:18:00', '2021-07-16 10:18:00'),
(76, 30, '778', '777', '778', '778', '778', '778', '2021-07-16', '2021-07-16', '2021-07-16', '2021-07-16', 1, 1, NULL, 1, NULL, 1, NULL, 1, 1, '2021-07-16 10:32:30', '2021-07-16 10:32:30'),
(77, 33, '2252', '2252', '225', '252', '5223', '22', '2021-07-05', '2021-07-16', '2021-07-16', '2021-07-16', 1, 1, NULL, 1, NULL, 1, NULL, 1, 1, '2021-07-16 11:22:21', '2021-07-16 11:22:21'),
(78, 30, '96', '96', '96', '96', '96', '96', '2021-07-16', '2021-07-16', '2021-07-16', '2021-07-16', 1, 1, NULL, 1, NULL, 1, NULL, 1, 1, '2021-07-16 12:12:53', '2021-07-16 12:12:53'),
(79, 30, '8866', '7845', '9685', '2', '60', '99', '2021-07-16', '2021-07-16', '2021-07-16', '2021-07-16', 1, 1, NULL, 1, NULL, 1, NULL, 1, 1, '2021-07-16 12:33:45', '2021-07-16 12:33:45'),
(80, 30, '9852', '9852', '9852', '9852', '9852', '9852', '2021-07-16', '2021-07-16', '2021-07-16', '2021-07-16', 1, 1, NULL, 1, NULL, 1, NULL, 1, 1, '2021-07-16 12:47:32', '2021-07-16 12:47:32'),
(81, 30, '3698', '3698', '3698', '3698', '3698', '3698', '2021-07-16', '2021-07-16', '2021-07-16', '2021-07-16', 1, 1, NULL, 1, NULL, 1, NULL, 1, 1, '2021-07-16 12:49:28', '2021-07-16 12:49:28'),
(82, 30, '222', '2302', '2302', '2320', '2302', '2302', '2021-07-16', '2021-07-16', '2021-07-16', '2021-07-16', 1, 1, NULL, 1, NULL, 1, NULL, 1, 1, '2021-07-16 12:51:58', '2021-07-16 12:51:58'),
(83, 31, '20', '2589', '320', '85', '32', '60', '2021-07-16', '2021-07-16', '2021-07-16', '2021-07-16', 1, 1, NULL, 1, NULL, 1, NULL, 1, 1, '2021-07-16 13:45:08', '2021-07-16 13:45:08'),
(84, 33, '258', '6479', '9856', '584', '100', '10', '2021-07-19', '2021-07-19', '2021-07-19', '2021-07-19', 1, 1, NULL, 1, NULL, 1, NULL, 1, 1, '2021-07-19 08:26:32', '2021-07-19 08:26:32'),
(85, 33, '5', '55555', '5', '5', '55', '5', '2021-07-05', '2021-07-19', '2021-07-19', '2021-07-19', 1, 1, NULL, 1, NULL, 1, NULL, 1, 1, '2021-07-19 09:28:55', '2021-07-19 09:28:55'),
(86, 31, '59', '59', '59', '59', '59', '59', '2021-07-19', '2021-07-19', '2021-07-19', '2021-07-19', 1, 1, NULL, 1, NULL, 1, NULL, 1, 1, '2021-07-19 10:34:26', '2021-07-19 10:34:26'),
(87, 33, '5656', '5656', '5656', '56', '56', '56', '2021-07-19', '2021-07-19', '2021-07-19', '2021-07-19', 1, 1, NULL, 1, NULL, 1, NULL, 1, 1, '2021-07-19 10:52:48', '2021-07-19 10:52:48'),
(88, 33, '56', '6565', '65', '65', '65', '65', '2021-07-19', '2021-07-19', '2021-07-19', '2021-07-19', 1, 1, NULL, 1, NULL, 1, NULL, 1, 1, '2021-07-19 10:54:16', '2021-07-19 10:54:16'),
(89, 30, '25', '666666', '5', '4', '33', '2', '2021-07-20', '2021-07-20', '2021-07-20', '2021-07-20', 1, 1, NULL, 1, NULL, 1, NULL, 1, 1, '2021-07-20 04:49:54', '2021-07-20 04:49:54'),
(90, 30, '1105', '1105', '1105', '1105', '1105', '1105', '2021-07-20', '2021-07-20', '2021-07-20', '2021-07-20', 1, 1, NULL, 1, NULL, 1, NULL, 1, 1, '2021-07-20 05:36:06', '2021-07-20 05:36:06'),
(91, 30, '5530', '5530', '5530', '5530', '5530', '5530', '2021-07-20', '2021-07-20', '2021-07-20', '2021-07-20', 1, 1, NULL, 1, NULL, 1, NULL, 1, 1, '2021-07-20 06:34:47', '2021-07-20 06:34:47'),
(92, 33, '1357', '1297', '5486', '59', '50', '40', '2021-07-20', '2021-07-20', '2021-07-20', '2021-07-20', 1, 1, NULL, 1, NULL, 1, NULL, 1, 1, '2021-07-20 08:21:11', '2021-07-20 08:21:11'),
(93, 33, '225', '2258', '2258', '2258', '250', '54', '2021-07-20', '2021-07-20', '2021-07-20', '2021-07-20', 1, 1, NULL, 1, NULL, 1, NULL, 1, 1, '2021-07-20 10:25:53', '2021-07-20 10:25:53'),
(94, 30, '256', '2564', '256', '256', '256', '256', '2021-07-20', '2021-07-20', '2021-07-20', '2021-07-20', 1, 1, NULL, 1, NULL, 1, NULL, 1, 1, '2021-07-20 11:20:06', '2021-07-20 11:20:06'),
(95, 30, '55', '362', '362', '36236', '2362', '362', '2021-07-20', '2021-07-20', '2021-07-20', '2021-07-20', 1, 1, NULL, 1, NULL, 1, NULL, 1, 1, '2021-07-20 11:24:59', '2021-07-20 11:24:59'),
(96, 30, '879', '698', '698', '698', '698', '698', '2021-07-20', '2021-07-20', '2021-07-20', '2021-07-20', 1, 1, NULL, 1, NULL, 1, NULL, 1, 1, '2021-07-20 11:33:27', '2021-07-20 11:33:27'),
(97, 30, '5', '5878', '54', '5', '555', '5', '2021-07-05', '2021-07-20', '2021-07-20', '2021-07-20', 1, 1, NULL, 1, NULL, 1, NULL, 1, 1, '2021-07-20 11:49:44', '2021-07-20 11:49:44'),
(98, 33, '8888', '8888', '8888', '8888', '8888', '8888', '2021-07-20', '2021-07-20', '2021-07-20', '2021-07-20', 1, 1, NULL, 1, NULL, 1, NULL, 1, 1, '2021-07-20 12:05:46', '2021-07-20 12:05:46');

-- --------------------------------------------------------

--
-- Table structure for table `add_lotsl`
--

CREATE TABLE `add_lotsl` (
  `id` bigint(20) UNSIGNED NOT NULL,
  `order_id` varchar(255) COLLATE utf8mb4_unicode_ci DEFAULT NULL,
  `proName` varchar(255) COLLATE utf8mb4_unicode_ci DEFAULT NULL,
  `bmrNo` varchar(255) COLLATE utf8mb4_unicode_ci DEFAULT NULL,
  `batchNo` varchar(255) COLLATE utf8mb4_unicode_ci DEFAULT NULL,
  `refMfrNo` varchar(255) COLLATE utf8mb4_unicode_ci DEFAULT NULL,
  `Date` varchar(255) COLLATE utf8mb4_unicode_ci DEFAULT NULL,
  `lotNo` varchar(255) COLLATE utf8mb4_unicode_ci DEFAULT NULL,
  `ReactorNo` varchar(255) COLLATE utf8mb4_unicode_ci DEFAULT NULL,
  `Process_date` varchar(255) COLLATE utf8mb4_unicode_ci DEFAULT NULL,
  `created_at` timestamp NULL DEFAULT NULL,
  `updated_at` timestamp NULL DEFAULT NULL
) ENGINE=InnoDB DEFAULT CHARSET=utf8mb4 COLLATE=utf8mb4_unicode_ci;

--
-- Dumping data for table `add_lotsl`
--

INSERT INTO `add_lotsl` (`id`, `order_id`, `proName`, `bmrNo`, `batchNo`, `refMfrNo`, `Date`, `lotNo`, `ReactorNo`, `Process_date`, `created_at`, `updated_at`) VALUES
(1, '09211838', '30', '21', '21', '21', '2021-07-09', '1', 'PR/RC/001', '2021-07-09', '2021-07-09 06:15:14', '2021-07-09 13:10:38'),
(2, '09211119', NULL, '21', '21', '21', '2021-07-09', '1', 'PR/RC/001', '2021-07-09', '2021-07-09 06:19:19', '2021-07-09 06:19:19'),
(3, '09211100', NULL, '21', '21', '21', '2021-07-09', '1', 'PR/RC/001', '2021-07-09', '2021-07-09 06:20:00', '2021-07-09 06:20:00'),
(4, '09211133', NULL, '21', '21', '21', '2021-07-09', '1', 'PR/RC/001', '2021-07-09', '2021-07-09 06:20:33', '2021-07-09 06:20:33'),
(5, '09211247', NULL, '1231', '121', 'dd332', '2021-07-09', '1', 'PR/RC/001', '2021-07-09', '2021-07-09 07:05:47', '2021-07-09 07:05:47'),
(6, '09211601', '30', '1231', '121', 'dd332', '2021-07-09', '1', 'PR/RC/001', '2021-07-09', '2021-07-09 11:03:01', '2021-07-09 11:03:01'),
(7, '09211632', '30', '1231', '121', 'dd332', '2021-07-09', '1', 'PR/RC/001', '2021-07-09', '2021-07-09 11:11:32', '2021-07-09 11:11:32'),
(8, '09211607', '30', '1231', '121', 'dd332', '2021-07-09', '1', 'PR/RC/001', '2021-07-09', '2021-07-09 11:13:07', '2021-07-09 11:13:07'),
(9, '09211609', '30', '1231', '121', 'dd332', '2021-07-09', '1', 'PR/RC/001', '2021-07-09', '2021-07-09 11:14:09', '2021-07-09 11:14:09'),
(10, '09211631', '30', '1231', '121', 'dd332', '2021-07-09', '555', 'PR/RC/001', '2021-07-09', '2021-07-09 11:15:31', '2021-07-09 11:15:31'),
(11, '09211641', '30', '11111', '11111', '11111', '2021-07-09', '11111', 'PR/RC/001', '2021-07-09', '2021-07-09 11:23:41', '2021-07-09 11:23:41'),
(12, '09211656', '30', '11111', '11111', '11111', '2021-07-09', '11111', 'PR/RC/001', '2021-07-09', '2021-07-09 11:24:56', '2021-07-09 11:24:56'),
(13, '09211654', '30', '11111', '11111', '11111', '2021-07-09', '11111', 'PR/RC/001', '2021-07-09', '2021-07-09 11:26:54', '2021-07-09 11:26:54'),
(14, '09211628', '30', '11111', '11111', '11111', '2021-07-09', '1', 'Select', '2021-07-09', '2021-07-09 11:28:28', '2021-07-09 11:28:28'),
(15, '09211603', '30', '11111', '11111', '11111', '2021-07-09', '1', 'PR/RC/001', '2021-07-09', '2021-07-09 11:29:03', '2021-07-09 11:29:03'),
(16, '09211738', '30', '11111', '11111', '11111', '2021-07-09', '1', 'PR/RC/001', '2021-07-09', '2021-07-09 11:33:38', '2021-07-09 11:33:38'),
(17, '09211701', '30', 'BMR No.', '5535', '5535', '2021-07-09', '1', 'PR/RC/001', '2021-07-09', '2021-07-09 11:39:01', '2021-07-09 11:39:01'),
(18, '09211724', '30', 'BMR No.', '5535', '5535', '2021-07-09', '1', 'PR/RC/001', '2021-07-09', '2021-07-09 11:41:24', '2021-07-09 11:41:24'),
(19, '09211701', '30', 'BMR No.', '5535', '5535', '2021-07-09', '1', 'PR/RC/001', '2021-07-09', '2021-07-09 11:44:01', '2021-07-09 11:44:01'),
(20, '09211753', '30', 'BMR No.', '5535', '5535', '2021-07-09', '1', 'PR/RC/001', '2021-07-09', '2021-07-09 11:45:53', '2021-07-09 11:45:53'),
(21, '09211734', '30', 'BMR No.', '5535', '5535', '2021-07-09', '1', 'PR/RC/001', '2021-07-09', '2021-07-09 11:46:34', '2021-07-09 11:46:34'),
(22, '09211729', '30', '44', '44', '44', '2021-07-09', '1', 'PR/RC/001', '2021-07-09', '2021-07-09 11:50:29', '2021-07-09 11:50:29'),
(23, '09211750', '30', '44', '44', '44', '2021-07-09', '1', 'PR/RC/001', '2021-07-09', '2021-07-09 11:50:50', '2021-07-09 11:50:50'),
(24, '09211754', '30', '44', '44', '44', '2021-07-09', '24', 'PR/RC/001', '2021-07-09', '2021-07-09 11:51:54', '2021-07-09 11:51:54'),
(25, '09211742', '30', '44', '44', '44', '2021-07-09', '25', 'PR/RC/001', '2021-07-09', '2021-07-09 11:53:42', '2021-07-09 11:53:42'),
(26, '09211707', '30', '44', '44', '44', '2021-07-09', '30', 'PR/RC/001', '2021-07-09', '2021-07-09 11:55:07', '2021-07-09 11:55:07'),
(27, '09211719', '30', '44', '44', '44', '2021-07-09', '30', 'PR/RC/001', '2021-07-09', '2021-07-09 11:56:19', '2021-07-09 11:56:19'),
(28, '09211705', '33', '1', '999', '9', '2021-07-09', '50', 'PR/RC/001', '2021-07-09', '2021-07-09 12:02:05', '2021-07-09 12:02:05'),
(29, '09211731', '30', '123', '123', '123', '2021-07-09', '1', 'PR/RC/001', '2021-07-09', '2021-07-09 12:08:31', '2021-07-09 12:08:31'),
(30, '09211736', '30', '123', '123', '123', '2021-07-09', '0010', 'PR/RC/001', '2021-07-09', '2021-07-09 12:10:36', '2021-07-09 12:10:36'),
(31, '09211744', '30', '123', '123', '123', '2021-07-09', '201', 'PR/RC/001', '2021-07-09', '2021-07-09 12:14:44', '2021-07-09 12:14:44'),
(32, '09211715', '30', '123', '123', '123', '2021-07-09', '1', 'PR/RC/002', '2021-07-09', '2021-07-09 12:18:15', '2021-07-09 12:18:15'),
(33, '09211700', '30', '123', '123', '123', '2021-07-09', '101', 'PR/RC/001', '2021-07-09', '2021-07-09 12:20:00', '2021-07-09 12:20:00'),
(34, '09211840', '30', '123', '123', '123', '2021-07-09', '101', 'PR/RC/001', '2021-07-09', '2021-07-09 12:32:40', '2021-07-09 12:32:40'),
(35, '09211844', '33', '1', '2', '3', '2021-07-09', '11111', 'PR/RC/001', '2019-06-08', '2021-07-09 12:36:44', '2021-07-09 12:36:44'),
(36, '09211859', '33', '1', '2', '3', '2021-07-09', '11111', 'PR/RC/001', '2020-06-08', '2021-07-09 12:37:59', '2021-07-09 12:37:59'),
(37, '09211854', '33', '1', '2', '3', '2021-07-09', '1', 'PR/RC/002', '2020-06-08', '2021-07-09 12:39:54', '2021-07-09 12:39:54'),
(38, '09211836', '33', '1', '2', '3', '2021-07-09', '11111', 'PR/RC/001', '2020-05-08', '2021-07-09 12:40:36', '2021-07-09 12:40:36'),
(39, '09211854', '33', '1', '2', '3', '2021-07-09', '11111', 'PR/RC/001', '2020-06-08', '2021-07-09 12:47:54', '2021-07-09 12:47:54'),
(40, '09211829', '31', '22', '22', '22', '2021-07-09', '9', 'PR/RC/001', '2021-07-09', '2021-07-09 12:49:29', '2021-07-09 12:49:29'),
(41, '13211657', '30', '950', '381', '831', '2021-07-13', '1', 'PR/RC/001', '2021-07-13', '2021-07-13 10:54:57', '2021-07-13 10:54:57'),
(42, '13211628', '30', '950', '381', '831', '2021-07-13', '2', 'Select', '2021-07-13', '2021-07-13 11:02:28', '2021-07-13 11:02:28'),
(43, '13211658', '30', '950', '381', '831', '2021-07-13', '3', 'PR/RC/001', '2021-07-13', '2021-07-13 11:09:58', '2021-07-13 11:09:58'),
(44, '13211648', '30', '950', '381', '831', '2021-07-13', '3', 'PR/RC/001', '2021-07-13', '2021-07-13 11:11:48', '2021-07-13 11:11:48'),
(45, '13211640', '30', '950', '381', '831', '2021-07-13', '3', 'PR/RC/001', '2021-07-13', '2021-07-13 11:12:40', '2021-07-13 11:12:40'),
(46, '13211643', '30', '950', '381', '831', '2021-07-13', '3', 'PR/RC/001', '2021-07-13', '2021-07-13 11:13:43', '2021-07-13 11:13:43'),
(47, '13211615', '30', '950', '381', '831', '2021-07-13', '3', 'PR/RC/001', '2021-07-13', '2021-07-13 11:14:15', '2021-07-13 11:14:15'),
(48, '13211624', '30', '950', '381', '831', '2021-07-13', '3', 'PR/RC/001', '2021-07-13', '2021-07-13 11:14:24', '2021-07-13 11:14:24'),
(49, '13211643', '30', '950', '381', '831', '2021-07-13', '3', 'PR/RC/001', '2021-07-13', '2021-07-13 11:14:43', '2021-07-13 11:14:43'),
(50, '13211600', '30', '950', '381', '831', '2021-07-13', '3', 'PR/RC/001', '2021-07-13', '2021-07-13 11:15:00', '2021-07-13 11:15:00'),
(51, '13211621', '30', '950', '381', '831', '2021-07-13', '3', 'PR/RC/001', '2021-07-13', '2021-07-13 11:16:21', '2021-07-13 11:16:21'),
(52, '14211004', '33', '5', '5', '5', '2021-07-14', '1', 'PR/RC/001', '2021-07-14', '2021-07-14 05:24:04', '2021-07-14 05:24:04'),
(53, '15211037', '33', '201', '201', '201', '2021-07-15', '1', 'PR/RC/001', '2021-07-15', '2021-07-15 05:11:37', '2021-07-15 05:11:37'),
(54, '15211114', '33', '201', '201', '201', '2021-07-15', '2', 'PR/RC/001', '2021-07-13', '2021-07-15 06:23:14', '2021-07-15 06:23:14'),
(55, '16211935', '31', '20', '2589', '320', '2021-07-16', '1', 'PR/RC/001', '2021-07-16', '2021-07-16 13:49:35', '2021-07-16 13:49:35'),
(56, '16211902', '31', '20', '2589', '320', '2021-07-16', '2', 'PR/RC/002', '2021-07-16', '2021-07-16 13:50:02', '2021-07-16 13:50:02'),
(57, '16211924', '31', '20', '2589', '320', '2021-07-16', '2', 'PR/RC/002', '2021-07-16', '2021-07-16 13:50:24', '2021-07-16 13:50:24'),
(58, '19211426', '33', '258', '6479', '9856', '2021-07-19', '1', 'PR/RC/001', '2021-07-19', '2021-07-19 09:18:26', '2021-07-19 09:18:26'),
(59, '19211404', '33', '258', '6479', '9856', '2021-07-19', '2', 'PR/RC/002', '2021-07-19', '2021-07-19 09:21:04', '2021-07-19 09:21:04'),
(60, '19211413', '33', '258', '6479', '9856', '2021-07-19', '3', 'PR/RC/001', '2021-07-19', '2021-07-19 09:28:13', '2021-07-19 09:28:13'),
(61, '19211535', '33', '5', '55555', '5', '2021-07-19', '1', 'PR/RC/001', '2021-07-19', '2021-07-19 09:30:35', '2021-07-19 09:30:35'),
(62, '19211502', '33', '5', '55555', '5', '2021-07-19', '2', 'PR/RC/001', '2021-07-19', '2021-07-19 09:32:02', '2021-07-19 09:32:02'),
(63, '19211507', '33', '5', '55555', '5', '2021-07-19', '3', 'PR/RC/002', '2021-07-19', '2021-07-19 09:33:07', '2021-07-19 09:33:07'),
(64, '20211343', '30', '5530', '5530', '5530', '2021-07-20', '1', 'PR/RC/002', '2021-07-20', '2021-07-20 07:45:43', '2021-07-20 07:45:43'),
(65, '20211357', '30', '5530', '5530', '5530', '2021-07-20', '2', 'PR/RC/002', '2021-07-20', '2021-07-20 07:46:57', '2021-07-20 07:46:57'),
(66, '20211735', '30', '256', '2564', '256', '2021-07-20', '1', 'PR/RC/001', '2021-07-20', '2021-07-20 11:31:35', '2021-07-20 11:31:35'),
(67, '20211759', '30', '55', '362', '362', '2021-07-20', '2', 'PR/RC/001', '2021-07-20', '2021-07-20 11:31:59', '2021-07-20 11:31:59'),
(68, '20211718', '30', '55', '362', '362', '2021-07-20', '2', 'Select', '2021-07-20', '2021-07-20 11:32:18', '2021-07-20 11:32:18'),
(69, '20211748', '30', '879', '698', '698', '2021-07-20', '1', 'PR/RC/001', '2021-07-20', '2021-07-20 11:36:48', '2021-07-20 11:36:48'),
(70, '20211711', '30', '879', '698', '698', '2021-07-20', '2', 'PR/RC/002', '2021-07-20', '2021-07-20 11:37:11', '2021-07-20 11:37:11'),
(71, '20211700', '30', '5', '5878', '54', '2021-07-20', '1', 'PR/RC/001', '2021-07-20', '2021-07-20 11:52:00', '2021-07-20 11:52:00'),
(72, '20211726', '30', '5', '5878', '54', '2021-07-20', '2', 'Select', '2021-07-20', '2021-07-20 11:52:26', '2021-07-20 11:52:26'),
(73, '20211758', '33', '8888', '8888', '8888', '2021-07-20', '1', 'PR/RC/001', '2021-07-20', '2021-07-20 12:07:58', '2021-07-20 12:07:58'),
(74, '20211718', '33', '8888', '8888', '8888', '2021-07-20', '2', 'PR/RC/001', '2021-07-20', '2021-07-20 12:08:18', '2021-07-20 12:08:18');

-- --------------------------------------------------------

--
-- Table structure for table `add_lots_raw_material_detail`
--

CREATE TABLE `add_lots_raw_material_detail` (
  `id` bigint(20) UNSIGNED NOT NULL,
  `EquipmentName` varchar(255) COLLATE utf8mb4_unicode_ci NOT NULL,
  `rmbatchno` varchar(255) COLLATE utf8mb4_unicode_ci NOT NULL,
  `Quantity` varchar(255) COLLATE utf8mb4_unicode_ci NOT NULL,
  `add_lots_id` varchar(255) COLLATE utf8mb4_unicode_ci NOT NULL,
  `created_at` timestamp NULL DEFAULT NULL,
  `updated_at` timestamp NULL DEFAULT NULL
) ENGINE=InnoDB DEFAULT CHARSET=utf8mb4 COLLATE=utf8mb4_unicode_ci;

--
-- Dumping data for table `add_lots_raw_material_detail`
--

INSERT INTO `add_lots_raw_material_detail` (`id`, `EquipmentName`, `rmbatchno`, `Quantity`, `add_lots_id`, `created_at`, `updated_at`) VALUES
(2, 'Raw Material Name', '1', '1', '2', '2021-07-09 06:19:19', '2021-07-09 06:19:19'),
(3, 'Raw Material Name', '21', '1', '3', '2021-07-09 06:20:00', '2021-07-09 06:20:00'),
(4, 'Raw Material Name', '2', '2', '4', '2021-07-09 06:20:33', '2021-07-09 06:20:33'),
(5, 'Raw Material Name', '1', '50', '5', '2021-07-09 07:05:47', '2021-07-09 07:05:47'),
(6, 'Raw Material Name', '2', '60', '5', '2021-07-09 07:05:47', '2021-07-09 07:05:47'),
(7, 'Raw Material Name', '3', '45', '5', '2021-07-09 07:05:47', '2021-07-09 07:05:47'),
(8, 'Raw Material Name', '4', '55', '5', '2021-07-09 07:05:47', '2021-07-09 07:05:47'),
(9, 'Raw Material Name', '5', '60', '5', '2021-07-09 07:05:47', '2021-07-09 07:05:47'),
(11, 'Raw Material Name', '12', '12', '6', '2021-07-09 11:03:01', '2021-07-09 11:03:01'),
(12, 'Raw Material Name', '12345', '123', '7', '2021-07-09 11:11:32', '2021-07-09 11:11:32'),
(13, 'Raw Material Name', '12345', '123', '8', '2021-07-09 11:13:07', '2021-07-09 11:13:07'),
(14, 'Raw Material Name', '12345', '123', '9', '2021-07-09 11:14:09', '2021-07-09 11:14:09'),
(15, 'Raw Material Name', '555', '555', '10', '2021-07-09 11:15:31', '2021-07-09 11:15:31'),
(16, 'Raw Material Name', '11111', '11111', '11', '2021-07-09 11:23:41', '2021-07-09 11:23:41'),
(17, 'Raw Material Name', '11111', '11111', '12', '2021-07-09 11:24:56', '2021-07-09 11:24:56'),
(18, 'Raw Material Name', '11111', '11111', '13', '2021-07-09 11:26:54', '2021-07-09 11:26:54'),
(19, 'Raw Material Name', '12312', '12321', '15', '2021-07-09 11:29:03', '2021-07-09 11:29:03'),
(20, 'Raw Material Name', '12312', '12321', '16', '2021-07-09 11:33:38', '2021-07-09 11:33:38'),
(21, 'Raw Material Name', '5535', '5535', '17', '2021-07-09 11:39:01', '2021-07-09 11:39:01'),
(22, 'Raw Material Name', '5535', '5535', '18', '2021-07-09 11:41:25', '2021-07-09 11:41:25'),
(23, 'Raw Material Name', '5535', '5535', '19', '2021-07-09 11:44:01', '2021-07-09 11:44:01'),
(24, 'Raw Material Name', '5535', '5535', '20', '2021-07-09 11:45:53', '2021-07-09 11:45:53'),
(25, 'Raw Material Name', '5535', '5535', '21', '2021-07-09 11:46:34', '2021-07-09 11:46:34'),
(26, 'Raw Material Name', '44', '44', '22', '2021-07-09 11:50:29', '2021-07-09 11:50:29'),
(27, 'Raw Material Name', '44', '44', '23', '2021-07-09 11:50:50', '2021-07-09 11:50:50'),
(28, 'Raw Material Name', '24', '24', '24', '2021-07-09 11:51:54', '2021-07-09 11:51:54'),
(29, 'Raw Material Name', '25', '25', '25', '2021-07-09 11:53:42', '2021-07-09 11:53:42'),
(30, 'Raw Material Name', '1', '1', '26', '2021-07-09 11:55:07', '2021-07-09 11:55:07'),
(31, 'Raw Material Name', '1', '1', '27', '2021-07-09 11:56:19', '2021-07-09 11:56:19'),
(32, 'Raw Material Name', '50', '50', '28', '2021-07-09 12:02:05', '2021-07-09 12:02:05'),
(33, 'Raw Material Name', '123', '123', '29', '2021-07-09 12:08:31', '2021-07-09 12:08:31'),
(34, 'Raw Material Name', '123', '123', '29', '2021-07-09 12:08:31', '2021-07-09 12:08:31'),
(35, 'Raw Material Name', '0010', '0010', '30', '2021-07-09 12:10:37', '2021-07-09 12:10:37'),
(36, 'Raw Material Name', '201', '222', '31', '2021-07-09 12:14:44', '2021-07-09 12:14:44'),
(37, 'Raw Material Name', '515', '1', '32', '2021-07-09 12:18:16', '2021-07-09 12:18:16'),
(38, 'Raw Material Name', '101', '1', '33', '2021-07-09 12:20:00', '2021-07-09 12:20:00'),
(39, 'Raw Material Name', '101', '1', '34', '2021-07-09 12:32:40', '2021-07-09 12:32:40'),
(40, 'Raw Material Name', '2121', '12', '35', '2021-07-09 12:36:44', '2021-07-09 12:36:44'),
(41, 'Raw Material Name', '5535', '1', '36', '2021-07-09 12:37:59', '2021-07-09 12:37:59'),
(42, 'Raw Material Name', '11111', '1', '37', '2021-07-09 12:39:55', '2021-07-09 12:39:55'),
(43, 'Raw Material Name', '1', '1', '38', '2021-07-09 12:40:36', '2021-07-09 12:40:36'),
(44, 'Raw Material Name', '5535', '12', '39', '2021-07-09 12:47:54', '2021-07-09 12:47:54'),
(45, 'Raw Material Name', '5535', '1', '40', '2021-07-09 12:49:30', '2021-07-09 12:49:30'),
(51, 'Raw Material Name', '21', '21', '1', '2021-07-09 13:10:38', '2021-07-09 13:10:38'),
(52, '16', '3', '20', '41', '2021-07-13 10:54:57', '2021-07-13 10:54:57'),
(53, '16', '3', '3', '42', '2021-07-13 11:02:28', '2021-07-13 11:02:28'),
(54, '15', '381', '23', '43', '2021-07-13 11:09:58', '2021-07-13 11:09:58'),
(55, '15', '381', '23', '44', '2021-07-13 11:11:48', '2021-07-13 11:11:48'),
(56, '16', '381', '23', '50', '2021-07-13 11:15:00', '2021-07-13 11:15:00'),
(57, '15', '5', '20', '52', '2021-07-14 05:24:04', '2021-07-14 05:24:04'),
(58, '15', '201', '10', '53', '2021-07-15 05:11:37', '2021-07-15 05:11:37'),
(59, '16', '201', '200', '54', '2021-07-15 06:23:14', '2021-07-15 06:23:14'),
(60, '15', '2589', '3', '55', '2021-07-16 13:49:35', '2021-07-16 13:49:35'),
(61, '16', '2589', '20', '57', '2021-07-16 13:50:24', '2021-07-16 13:50:24'),
(62, '15', '6479', '35', '58', '2021-07-19 09:18:26', '2021-07-19 09:18:26'),
(63, '16', '6479', '25', '59', '2021-07-19 09:21:05', '2021-07-19 09:21:05'),
(64, '15', '6479', '50', '60', '2021-07-19 09:28:13', '2021-07-19 09:28:13'),
(65, '16', '55555', '20', '61', '2021-07-19 09:30:35', '2021-07-19 09:30:35'),
(66, '16', '55555', '20', '62', '2021-07-19 09:32:02', '2021-07-19 09:32:02'),
(67, '16', '55555', '222', '63', '2021-07-19 09:33:07', '2021-07-19 09:33:07'),
(68, '15', '13', '50', '64', '2021-07-20 07:45:43', '2021-07-20 07:45:43'),
(69, '16', '10', '30', '64', '2021-07-20 07:45:43', '2021-07-20 07:45:43'),
(70, '15', '13', '50', '65', '2021-07-20 07:46:57', '2021-07-20 07:46:57'),
(71, '16', '10', '30', '65', '2021-07-20 07:46:57', '2021-07-20 07:46:57'),
(72, '16', '10', '10', '66', '2021-07-20 11:31:35', '2021-07-20 11:31:35'),
(73, '23', '12', '20', '66', '2021-07-20 11:31:35', '2021-07-20 11:31:35'),
(74, '15', '13', '20', '67', '2021-07-20 11:31:59', '2021-07-20 11:31:59'),
(75, '16', '10', '30', '67', '2021-07-20 11:32:00', '2021-07-20 11:32:00'),
(76, '15', '13', '20', '68', '2021-07-20 11:32:18', '2021-07-20 11:32:18'),
(77, '16', '10', '30', '68', '2021-07-20 11:32:18', '2021-07-20 11:32:18'),
(78, '15', '13', '55', '69', '2021-07-20 11:36:48', '2021-07-20 11:36:48'),
(79, '16', '10', '10', '69', '2021-07-20 11:36:48', '2021-07-20 11:36:48'),
(80, '15', '13', '55', '70', '2021-07-20 11:37:11', '2021-07-20 11:37:11'),
(81, '16', '10', '10', '70', '2021-07-20 11:37:11', '2021-07-20 11:37:11'),
(82, '16', '10', '30', '71', '2021-07-20 11:52:00', '2021-07-20 11:52:00'),
(83, '23', '12', '40', '71', '2021-07-20 11:52:00', '2021-07-20 11:52:00'),
(84, '16', '10', '30', '72', '2021-07-20 11:52:26', '2021-07-20 11:52:26'),
(85, '23', '12', '40', '72', '2021-07-20 11:52:26', '2021-07-20 11:52:26'),
(86, '15', '13', '88', '73', '2021-07-20 12:07:58', '2021-07-20 12:07:58'),
(87, '23', '12', '88', '73', '2021-07-20 12:07:58', '2021-07-20 12:07:58'),
(88, '15', '13', '88', '74', '2021-07-20 12:08:18', '2021-07-20 12:08:18'),
(89, '23', '12', '88', '74', '2021-07-20 12:08:18', '2021-07-20 12:08:18');

-- --------------------------------------------------------

--
-- Table structure for table `ar_no_master`
--

CREATE TABLE `ar_no_master` (
  `id` int(11) NOT NULL,
  `name` varchar(255) COLLATE utf8mb4_unicode_ci DEFAULT NULL,
  `created_at` timestamp NULL DEFAULT NULL,
  `updated_at` timestamp NULL DEFAULT NULL
) ENGINE=InnoDB DEFAULT CHARSET=utf8mb4 COLLATE=utf8mb4_unicode_ci;

-- --------------------------------------------------------

--
-- Table structure for table `batch_manufacturing_records_line_clearance_record`
--

CREATE TABLE `batch_manufacturing_records_line_clearance_record` (
  `id` bigint(20) UNSIGNED NOT NULL,
  `order_id` varchar(255) COLLATE utf8mb4_unicode_ci DEFAULT NULL,
  `proName` varchar(255) COLLATE utf8mb4_unicode_ci DEFAULT NULL,
  `bmrNo` varchar(255) COLLATE utf8mb4_unicode_ci DEFAULT NULL,
  `batchNo` varchar(255) COLLATE utf8mb4_unicode_ci DEFAULT NULL,
  `refMfrNo` varchar(255) COLLATE utf8mb4_unicode_ci DEFAULT NULL,
  `Date` varchar(255) COLLATE utf8mb4_unicode_ci DEFAULT NULL,
  `created_at` timestamp NULL DEFAULT NULL,
  `updated_at` timestamp NULL DEFAULT NULL
) ENGINE=InnoDB DEFAULT CHARSET=utf8mb4 COLLATE=utf8mb4_unicode_ci;

-- --------------------------------------------------------

--
-- Table structure for table `batch_manufacturing_records_list_of_equipment`
--

CREATE TABLE `batch_manufacturing_records_list_of_equipment` (
  `id` bigint(20) UNSIGNED NOT NULL,
  `order_id` varchar(255) COLLATE utf8mb4_unicode_ci DEFAULT NULL,
  `proName` varchar(255) COLLATE utf8mb4_unicode_ci DEFAULT NULL,
  `bmrNo` varchar(255) COLLATE utf8mb4_unicode_ci DEFAULT NULL,
  `batchNo` varchar(255) COLLATE utf8mb4_unicode_ci DEFAULT NULL,
  `refMfrNo` varchar(255) COLLATE utf8mb4_unicode_ci DEFAULT NULL,
  `Remark` varchar(50) COLLATE utf8mb4_unicode_ci DEFAULT NULL,
  `created_at` timestamp NULL DEFAULT NULL,
  `updated_at` timestamp NULL DEFAULT NULL
) ENGINE=InnoDB DEFAULT CHARSET=utf8mb4 COLLATE=utf8mb4_unicode_ci;

--
-- Dumping data for table `batch_manufacturing_records_list_of_equipment`
--

INSERT INTO `batch_manufacturing_records_list_of_equipment` (`id`, `order_id`, `proName`, `bmrNo`, `batchNo`, `refMfrNo`, `Remark`, `created_at`, `updated_at`) VALUES
(1, '08211635', '33', 'MBR No', '1', 'Mfr No', 'Remark', '2021-07-08 10:59:35', '2021-07-08 10:59:35'),
(2, '08211600', '33', 'BMR No.', '1', 'Ref MFR No.', 'Remark', '2021-07-08 11:00:00', '2021-07-08 11:00:00'),
(3, '08211628', '33', 'BMR No.', '1', 'Ref MFR No.', 'sadasd', '2021-07-08 11:01:28', '2021-07-08 11:01:28'),
(4, '09211028', '33', '1', '159', '1', '11', '2021-07-09 05:07:28', '2021-07-09 05:07:28'),
(5, '09211135', '33', '21', '21', '21', '21', '2021-07-09 06:14:35', '2021-07-09 06:14:35'),
(6, '09211625', '30', '11111', '11111', '11111', '11111', '2021-07-09 11:22:25', '2021-07-09 11:22:25'),
(7, '09211654', '30', '1111', '11111', '1111', '1111', '2021-07-09 11:22:54', '2021-07-09 11:22:54'),
(8, '09211711', '31', '5535', '5535', '535', '55151', '2021-07-09 11:38:11', '2021-07-09 11:38:11'),
(9, '09211746', '31', '1', '44', '1', '11', '2021-07-09 11:49:46', '2021-07-09 11:49:46'),
(10, '09211715', '30', '1', '121', '11', '1', '2021-07-09 12:00:15', '2021-07-09 12:00:15'),
(11, '09211742', '30', '123', '123', '123', '123', '2021-07-09 12:07:42', '2021-07-09 12:07:42'),
(12, '12211712', '33', '1231', '121', 'dd332', 'asdsa', '2021-07-12 11:45:12', '2021-07-12 11:45:12'),
(13, '13211435', '30', '950', '381', '831', NULL, '2021-07-13 09:29:35', '2021-07-13 09:29:35'),
(14, '13211548', '30', '950', '381', '831', NULL, '2021-07-13 09:30:48', '2021-07-13 09:30:48'),
(15, '14211058', '33', '5', '5', '5', NULL, '2021-07-14 05:22:58', '2021-07-14 05:22:58'),
(16, '15211256', '31', '98', '98', '102', NULL, '2021-07-15 06:33:56', '2021-07-15 06:33:56'),
(17, '15211916', '30', '231', '25', '96', NULL, '2021-07-15 13:54:16', '2021-07-15 13:54:16'),
(18, '16211742', '30', '96', '96', '96', NULL, '2021-07-16 12:15:42', '2021-07-16 12:15:42'),
(19, '16211912', '31', '20', '2589', '320', NULL, '2021-07-16 13:49:12', '2021-07-16 13:49:12'),
(20, '19211542', '33', '5', '55555', '5', NULL, '2021-07-19 09:38:42', '2021-07-19 09:38:42'),
(21, '20211234', '30', '5530', '5530', '5530', NULL, '2021-07-20 06:59:34', '2021-07-20 06:59:34'),
(22, '20211613', '30', '256', '2564', '256', NULL, '2021-07-20 11:24:13', '2021-07-20 11:24:13'),
(23, '20211726', '30', '879', '698', '698', NULL, '2021-07-20 11:36:26', '2021-07-20 11:36:26'),
(24, '20211739', '30', '5', '5878', '54', NULL, '2021-07-20 11:51:39', '2021-07-20 11:51:39'),
(25, '20211738', '33', '8888', '8888', '8888', NULL, '2021-07-20 12:07:38', '2021-07-20 12:07:38');

-- --------------------------------------------------------

--
-- Table structure for table `batch_manufacturing_records_packing`
--

CREATE TABLE `batch_manufacturing_records_packing` (
  `id` bigint(20) UNSIGNED NOT NULL,
  `proName` varchar(255) COLLATE utf8mb4_unicode_ci DEFAULT NULL,
  `bmrNo` varchar(255) COLLATE utf8mb4_unicode_ci DEFAULT NULL,
  `batchNo` varchar(255) COLLATE utf8mb4_unicode_ci DEFAULT NULL,
  `refMfrNo` varchar(255) COLLATE utf8mb4_unicode_ci DEFAULT NULL,
  `ManufacturerDate` varchar(255) COLLATE utf8mb4_unicode_ci DEFAULT NULL,
  `Observation` varchar(255) COLLATE utf8mb4_unicode_ci DEFAULT NULL,
  `Temperature` varchar(255) COLLATE utf8mb4_unicode_ci DEFAULT NULL,
  `Humidity` varchar(255) COLLATE utf8mb4_unicode_ci DEFAULT NULL,
  `TemperatureP` varchar(255) COLLATE utf8mb4_unicode_ci DEFAULT NULL,
  `50kgDrums` varchar(255) COLLATE utf8mb4_unicode_ci DEFAULT NULL,
  `20kgDrums` varchar(255) COLLATE utf8mb4_unicode_ci DEFAULT NULL,
  `startTime` varchar(255) COLLATE utf8mb4_unicode_ci DEFAULT NULL,
  `EndstartTime` varchar(255) COLLATE utf8mb4_unicode_ci DEFAULT NULL,
  `areaCleanliness` varchar(255) COLLATE utf8mb4_unicode_ci DEFAULT NULL,
  `CareaCleanliness` varchar(255) COLLATE utf8mb4_unicode_ci DEFAULT NULL,
  `rmInput` varchar(255) COLLATE utf8mb4_unicode_ci DEFAULT NULL,
  `fgOutput` varchar(255) COLLATE utf8mb4_unicode_ci DEFAULT NULL,
  `filledDrums` varchar(255) COLLATE utf8mb4_unicode_ci DEFAULT NULL,
  `excessFilledDrums` varchar(255) COLLATE utf8mb4_unicode_ci DEFAULT NULL,
  `qcsampling` varchar(255) COLLATE utf8mb4_unicode_ci DEFAULT NULL,
  `StabilitySample` varchar(255) COLLATE utf8mb4_unicode_ci DEFAULT NULL,
  `WorkingSlandered` varchar(255) COLLATE utf8mb4_unicode_ci DEFAULT NULL,
  `ValidationSample` varchar(255) COLLATE utf8mb4_unicode_ci DEFAULT NULL,
  `CustomerSample` varchar(255) COLLATE utf8mb4_unicode_ci DEFAULT NULL,
  `ActualYield` varchar(255) COLLATE utf8mb4_unicode_ci DEFAULT NULL,
  `checkedBy` varchar(255) COLLATE utf8mb4_unicode_ci DEFAULT NULL,
  `ApprovedBy` varchar(255) COLLATE utf8mb4_unicode_ci DEFAULT NULL,
  `Remark` varchar(255) COLLATE utf8mb4_unicode_ci DEFAULT NULL,
  `created_at` timestamp NULL DEFAULT NULL,
  `updated_at` timestamp NULL DEFAULT NULL
) ENGINE=InnoDB DEFAULT CHARSET=utf8mb4 COLLATE=utf8mb4_unicode_ci;

--
-- Dumping data for table `batch_manufacturing_records_packing`
--

INSERT INTO `batch_manufacturing_records_packing` (`id`, `proName`, `bmrNo`, `batchNo`, `refMfrNo`, `ManufacturerDate`, `Observation`, `Temperature`, `Humidity`, `TemperatureP`, `50kgDrums`, `20kgDrums`, `startTime`, `EndstartTime`, `areaCleanliness`, `CareaCleanliness`, `rmInput`, `fgOutput`, `filledDrums`, `excessFilledDrums`, `qcsampling`, `StabilitySample`, `WorkingSlandered`, `ValidationSample`, `CustomerSample`, `ActualYield`, `checkedBy`, `ApprovedBy`, `Remark`, `created_at`, `updated_at`) VALUES
(1, '33', '1', '121', '1', '2021-07-09', 'clean', 'cool', 'cool', 'cool', '6', '10', '1', '2', '1', '1', '12', '1', '1', '1', '1', '1', '1', '1', '1', '1', '1', '1', '11', '2021-07-09 07:10:49', '2021-07-09 07:10:49'),
(2, '30', '879', '698', '698', '2021-07-20', 'cool', '987', '54', '215', '21', '23', '21', '22', '1', '1', '5', '6', '5', '4', '12', '36', '2', '1', '2', '3', '1', '1', NULL, '2021-07-20 11:37:53', '2021-07-20 11:37:53'),
(3, '30', '5', '5878', '54', '2021-07-20', 'Cool', '30', '50', '20', '60', '12', '12', '16', '1', '1', '50', '20', '30', '10', '20', '30', '1', '0', '20', '98', '1', '1', NULL, '2021-07-20 11:53:39', '2021-07-20 11:53:39');

-- --------------------------------------------------------

--
-- Table structure for table `bill_of_raw_material`
--

CREATE TABLE `bill_of_raw_material` (
  `id` bigint(20) UNSIGNED NOT NULL,
  `order_id` varchar(255) COLLATE utf8mb4_unicode_ci DEFAULT NULL,
  `proName` varchar(255) COLLATE utf8mb4_unicode_ci DEFAULT NULL,
  `batchNoI` varchar(255) COLLATE utf8mb4_unicode_ci DEFAULT NULL,
  `bmrNo` varchar(255) COLLATE utf8mb4_unicode_ci DEFAULT NULL,
  `refMfrNo` varchar(255) COLLATE utf8mb4_unicode_ci DEFAULT NULL,
  `checkedBy` varchar(255) COLLATE utf8mb4_unicode_ci DEFAULT NULL,
  `doneBy` varchar(255) COLLATE utf8mb4_unicode_ci DEFAULT NULL,
  `Remark` varchar(255) COLLATE utf8mb4_unicode_ci DEFAULT NULL,
  `is_active` int(11) DEFAULT NULL,
  `is_delete` int(11) DEFAULT NULL,
  `created_at` timestamp NULL DEFAULT NULL,
  `updated_at` timestamp NULL DEFAULT NULL
) ENGINE=InnoDB DEFAULT CHARSET=utf8mb4 COLLATE=utf8mb4_unicode_ci;

--
-- Dumping data for table `bill_of_raw_material`
--

INSERT INTO `bill_of_raw_material` (`id`, `order_id`, `proName`, `batchNoI`, `bmrNo`, `refMfrNo`, `checkedBy`, `doneBy`, `Remark`, `is_active`, `is_delete`, `created_at`, `updated_at`) VALUES
(1, '12211658', '30', 'dasdas', 'sad', 'dasd', '1', 'Administror', NULL, 1, 1, '2021-07-07 08:15:11', '2021-07-12 11:08:58'),
(2, '07211416', '30', '950', '950', '950', '1', 'Administror', NULL, 1, 1, '2021-07-07 09:21:16', '2021-07-07 09:21:16'),
(3, '07211442', '30', '950', '950', '950', '1', 'Administror', NULL, 1, 1, '2021-07-07 09:21:42', '2021-07-07 09:21:42'),
(4, '07211457', '30', '950', '950', '950', '1', 'Administror', NULL, 1, 1, '2021-07-07 09:27:57', '2021-07-07 09:27:57'),
(5, '07211553', '30', '950', '950', '950', '1', 'Administror', NULL, 1, 1, '2021-07-07 09:58:53', '2021-07-07 09:58:53'),
(6, '07211544', '30', '950', '950', '950', '1', 'Administror', NULL, 1, 1, '2021-07-07 09:59:44', '2021-07-07 09:59:44'),
(7, '07211550', '30', '950', '950', '950', '1', 'Administror', NULL, 1, 1, '2021-07-07 09:59:50', '2021-07-07 09:59:50'),
(8, '07211556', '30', '950', '950', '950', '1', 'Administror', NULL, 1, 1, '2021-07-07 09:59:56', '2021-07-07 09:59:56'),
(9, '07211519', '30', '950', '950', '950', '1', 'Administror', NULL, 1, 1, '2021-07-07 10:00:19', '2021-07-07 10:00:19'),
(10, '07211526', '30', '950', '950', '950', '1', 'Administror', NULL, 1, 1, '2021-07-07 10:00:26', '2021-07-07 10:00:26'),
(11, '07211502', '30', '950', '950', '950', '1', 'Administror', NULL, 1, 1, '2021-07-07 10:02:02', '2021-07-07 10:02:02'),
(12, '07211525', '30', '950', '950', '950', '1', 'Administror', NULL, 1, 1, '2021-07-07 10:05:25', '2021-07-07 10:05:25'),
(13, '07211536', '30', '950', '950', '950', '1', 'Administror', NULL, 1, 1, '2021-07-07 10:06:36', '2021-07-07 10:06:36'),
(14, '07211541', '30', '950', '950', '950', '1', 'Administror', NULL, 1, 1, '2021-07-07 10:07:41', '2021-07-07 10:07:41'),
(15, '07211545', '30', '950', '950', '950', '1', 'Administror', NULL, 1, 1, '2021-07-07 10:07:45', '2021-07-07 10:07:45'),
(16, '07211550', '30', '950', '950', '950', '1', 'Administror', NULL, 1, 1, '2021-07-07 10:07:50', '2021-07-07 10:07:50'),
(17, '07211547', '30', '950', '950', '950', '1', 'Administror', NULL, 1, 1, '2021-07-07 10:11:47', '2021-07-07 10:11:47'),
(18, '07211508', '30', '950', '950', '950', '1', 'Administror', NULL, 1, 1, '2021-07-07 10:12:08', '2021-07-07 10:12:08'),
(19, '07211542', '30', '950', '950', '950', '1', 'Administror', NULL, 1, 1, '2021-07-07 10:12:42', '2021-07-07 10:12:42'),
(20, '07211558', '30', '950', '950', '950', '1', 'Administror', NULL, 1, 1, '2021-07-07 10:14:58', '2021-07-07 10:14:58'),
(21, '07211501', '30', '950', '950', '950', '1', 'Administror', NULL, 1, 1, '2021-07-07 10:15:01', '2021-07-07 10:15:01'),
(22, '07211554', '30', '950', '950', '950', '1', 'Administror', NULL, 1, 1, '2021-07-07 10:15:54', '2021-07-07 10:15:54'),
(23, '07211502', 'Test', '950', '950', '950', '1', 'Administror', NULL, 1, 1, '2021-07-07 10:23:02', '2021-07-07 10:23:02'),
(24, '07211510', 'Test', '950', '950', '950', '1', 'Administror', NULL, 1, 1, '2021-07-07 10:26:10', '2021-07-07 10:26:10'),
(25, '07211500', 'Test', '950', '950', '950', '1', 'Administror', NULL, 1, 1, '2021-07-07 10:27:00', '2021-07-07 10:27:00'),
(26, '07211542', 'Test', '950', '950', '950', '1', 'Administror', NULL, 1, 1, '2021-07-07 10:27:42', '2021-07-07 10:27:42'),
(27, '07211642', 'Test', '950', '950', '950', '1', 'Administror', NULL, 1, 1, '2021-07-07 10:33:42', '2021-07-07 10:33:42'),
(28, '07211644', 'Test', '950', '950', '950', '1', 'Administror', NULL, 1, 1, '2021-07-07 10:48:44', '2021-07-07 10:48:44'),
(29, '07211635', 'Test', '950', '950', '950', '1', 'Administror', NULL, 1, 1, '2021-07-07 10:52:35', '2021-07-07 10:52:35'),
(30, '07211603', 'Test', '950', '950', '950', '1', 'Administror', NULL, 1, 1, '2021-07-07 11:04:03', '2021-07-07 11:04:03'),
(31, '07211636', 'Test', '950', '950', '950', '1', 'Administror', NULL, 1, 1, '2021-07-07 11:04:36', '2021-07-07 11:04:36'),
(32, '07211650', 'Test', '950', '950', '950', '1', 'Administror', NULL, 1, 1, '2021-07-07 11:05:50', '2021-07-07 11:05:50'),
(33, '07211636', 'Test', '950', '950', '950', '1', 'Administror', NULL, 1, 1, '2021-07-07 11:06:36', '2021-07-07 11:06:36'),
(34, '07211631', 'Test', '950', '950', '950', '1', 'Administror', NULL, 1, 1, '2021-07-07 11:08:31', '2021-07-07 11:08:31'),
(35, '07211643', 'Test', '950', '950', '950', '1', 'Administror', NULL, 1, 1, '2021-07-07 11:09:43', '2021-07-07 11:09:43'),
(36, '07211611', 'Test', '950', '950', '950', '1', 'Administror', NULL, 1, 1, '2021-07-07 11:10:11', '2021-07-07 11:10:11'),
(37, '07211614', 'Test', '950', '950', '950', '1', 'Administror', NULL, 1, 1, '2021-07-07 11:13:14', '2021-07-07 11:13:14'),
(38, '07211657', 'PARAm-Product', '2', '1', '3', '1', 'Administror', '10', 1, 1, '2021-07-07 11:14:57', '2021-07-07 11:14:57'),
(39, '07211648', 'PARAm-Product', '2', '1', '3', '1', 'Administror', '10', 1, 1, '2021-07-07 11:15:48', '2021-07-07 11:15:48'),
(40, '07211628', 'PARAm-Product', '2', '1', '3', '1', 'Administror', '10', 1, 1, '2021-07-07 11:16:28', '2021-07-07 11:16:28'),
(41, '07211757', '31', '23', '12', '34', '1', 'Administror', '454', 1, 1, '2021-07-07 11:35:57', '2021-07-07 11:35:57'),
(42, '07211720', '33', '2', '1', '3', '1', 'Administror', '123', 1, 1, '2021-07-07 12:14:20', '2021-07-07 12:14:20'),
(43, '07211739', '33', '1231', '1213', '12123', '1', 'Administror', 'sdff', 1, 1, '2021-07-07 12:19:39', '2021-07-07 12:19:39'),
(44, '08211526', '31', '12', '1223', '1236', '1', 'Administror', 'sada', 1, 1, '2021-07-08 09:54:26', '2021-07-08 09:54:26'),
(45, '08211527', '31', '12', '1223', '1236', '1', 'Administror', '211', 1, 1, '2021-07-08 10:06:27', '2021-07-08 10:06:27'),
(46, '08211506', '33', '1212', '1212', '1212', '1', 'Administror', 'qweq', 1, 1, '2021-07-08 10:28:06', '2021-07-08 10:28:06'),
(47, '08211619', '33', '1212', '1212', '1212', '1', 'Administror', 'sadsad', 1, 1, '2021-07-08 10:38:19', '2021-07-08 10:38:19'),
(48, '08211627', '33', '1212', '1212', '1212', '1', 'Administror', '11', 1, 1, '2021-07-08 10:47:27', '2021-07-08 10:47:27'),
(49, '08211631', '30', '1', '1', '1', '1', 'Administror', '111', 1, 1, '2021-07-08 10:48:31', '2021-07-08 10:48:31'),
(50, '08211615', '30', '1', '1', '1', '1', 'Administror', '11', 1, 1, '2021-07-08 10:49:15', '2021-07-08 10:49:15'),
(51, '08211603', '30', '1', '1', '1', '1', 'Administror', '11', 1, 1, '2021-07-08 10:53:03', '2021-07-08 10:53:03'),
(52, '09211009', '33', '159', '159', '159', '1', 'Administror', 'ASXXASDSACDC', 1, 1, '2021-07-09 05:01:09', '2021-07-09 05:01:09'),
(53, '09211021', '33', '159', '159', '159', '1', 'Administror', NULL, 1, 1, '2021-07-09 05:02:21', '2021-07-09 05:02:21'),
(54, '09211043', '33', '159', '159', '159', '1', 'Administror', '111', 1, 1, '2021-07-09 05:06:43', '2021-07-09 05:06:43'),
(55, '09211119', '33', '21', '21', '21', '1', 'Administror', '21', 1, 1, '2021-07-09 06:14:19', '2021-07-09 06:14:19'),
(56, '09211230', '30', '121', '1231', 'dd332', '1', 'Administror', '151515', 1, 1, '2021-07-09 07:25:30', '2021-07-09 07:25:30'),
(57, '09211602', '30', '11111', '11111', '11111', '1', 'Administror', '111111', 1, 1, '2021-07-09 11:21:02', '2021-07-09 11:21:02'),
(58, '09211654', '31', '11111', '11111', '11111', '1', 'Administror', '111111', 1, 1, '2021-07-09 11:21:54', '2021-07-09 11:21:54'),
(59, '09211709', '30', '5535', 'BMR No.', '5535', '1', 'Administror', '5535', 1, 1, '2021-07-09 11:37:09', '2021-07-09 11:37:09'),
(60, '09211756', '30', '5535', 'BMR No.', '5535', '1', 'Administror', '535', 1, 1, '2021-07-09 11:37:56', '2021-07-09 11:37:56'),
(61, '09211749', '30', '44', '44', '44', '1', 'Administror', '4444', 1, 1, '2021-07-09 11:48:49', '2021-07-09 11:48:49'),
(62, '14211551', '30', '44', '44', '44', '1', 'Administror', '111', 1, 1, '2021-07-09 11:49:35', '2021-07-14 09:42:51'),
(63, '09211702', '30', '121', '1231', 'dd332', '1', 'Administror', '151', 1, 1, '2021-07-09 11:59:02', '2021-07-09 11:59:02'),
(64, '09211703', '30', '121', '1231', 'dd332', '1', 'Administror', '11', 1, 1, '2021-07-09 12:00:03', '2021-07-09 12:00:03'),
(65, '09211759', '30', '123', '123', '123', '1', 'Administror', '123', 1, 1, '2021-07-09 12:05:59', '2021-07-09 12:05:59'),
(66, '09211730', '30', '123', '123', '123', '1', 'Administror', NULL, 1, 1, '2021-07-09 12:07:30', '2021-07-09 12:07:30'),
(67, '12211638', '33', '2', '1', '3', '1', 'Administror', NULL, 1, 1, '2021-07-12 10:37:38', '2021-07-12 10:37:38'),
(68, '12211619', '33', '2', '1', '3', '1', 'Administror', NULL, 1, 1, '2021-07-12 10:42:19', '2021-07-12 10:42:19'),
(69, '12211649', '33', '315', '12', '1', '1', 'Administror', NULL, 1, 1, '2021-07-12 11:14:49', '2021-07-12 11:14:49'),
(70, '12211606', '33', '315', '12', '1', '1', 'Administror', NULL, 1, 1, '2021-07-12 11:28:06', '2021-07-12 11:28:06'),
(71, '12211659', '33', '315', '12', '1', '1', 'Administror', NULL, 1, 1, '2021-07-12 11:29:59', '2021-07-12 11:29:59'),
(72, '12211741', '33', '315', '12', '1', '1', 'Administror', NULL, 1, 1, '2021-07-12 11:30:41', '2021-07-12 11:30:41'),
(73, '12211754', '33', '315', '12', '1', '1', 'Administror', NULL, 1, 1, '2021-07-12 11:30:54', '2021-07-12 11:30:54'),
(74, '12211733', '33', '315', '12', '1', '1', 'Administror', NULL, 1, 1, '2021-07-12 11:31:33', '2021-07-12 11:31:33'),
(75, '12211744', '33', '315', '12', '1', '1', 'Administror', NULL, 1, 1, '2021-07-12 11:31:44', '2021-07-12 11:31:44'),
(76, '12211708', '30', '121', '1231', 'dd332', '1', 'Administror', NULL, 1, 1, '2021-07-12 11:35:08', '2021-07-12 11:35:08'),
(77, '12211739', '30', '121', '1231', 'dd332', '1', 'Administror', NULL, 1, 1, '2021-07-12 11:35:39', '2021-07-12 11:35:39'),
(78, '12211737', '30', '121', '1231', 'dd332', '1', 'Administror', NULL, 1, 1, '2021-07-12 11:37:37', '2021-07-12 11:37:37'),
(79, '12211748', '30', '121', '1231', 'dd332', '1', 'Administror', NULL, 1, 1, '2021-07-12 11:37:48', '2021-07-12 11:37:48'),
(80, '12211730', '30', '121', '1231', 'dd332', '1', 'Administror', NULL, 1, 1, '2021-07-12 11:38:30', '2021-07-12 11:38:30'),
(81, '13211320', '33', '333', '333', '333', '1', 'Administror', NULL, 1, 1, '2021-07-13 07:58:20', '2021-07-13 07:58:20'),
(82, '13211358', '30', '381', '950', '831', '1', 'Administror', NULL, 1, 1, '2021-07-13 08:04:58', '2021-07-13 08:04:58'),
(83, '13211656', '33', '369', '258', '147', '1', 'Administror', NULL, 1, 1, '2021-07-13 11:18:56', '2021-07-13 11:18:56'),
(84, '13211707', '33', '369', '258', '147', '1', 'Administror', NULL, 1, 1, '2021-07-13 11:57:07', '2021-07-13 11:57:07'),
(85, '14211019', '33', '5', '5', '5', '1', 'Administror', NULL, 1, 1, '2021-07-14 05:21:19', '2021-07-14 05:21:19'),
(86, '14211041', '33', '5', '5', '5', '1', 'Administror', NULL, 1, 1, '2021-07-14 05:22:41', '2021-07-14 05:22:41'),
(87, '14211221', '33', '1002', '10', '2', '1', 'Administror', NULL, 1, 1, '2021-07-14 07:14:21', '2021-07-14 07:14:21'),
(88, '14211250', '33', '1002', '10', '2', '1', 'Administror', NULL, 1, 1, '2021-07-14 07:14:50', '2021-07-14 07:14:50'),
(89, '14211208', '33', '1002', '10', '2', '1', 'Administror', NULL, 1, 1, '2021-07-14 07:16:08', '2021-07-14 07:16:08'),
(90, '14211244', '33', '1002', '10', '2', '1', 'Administror', NULL, 1, 1, '2021-07-14 07:22:44', '2021-07-14 07:22:44'),
(91, '14211207', '33', '1002', '10', '2', '1', 'Administror', NULL, 1, 1, '2021-07-14 07:23:07', '2021-07-14 07:23:07'),
(92, '14211253', '33', '1002', '10', '2', '1', 'Administror', NULL, 1, 1, '2021-07-14 07:23:53', '2021-07-14 07:23:53'),
(93, '14211208', '33', '1002', '10', '2', '1', 'Administror', NULL, 1, 1, '2021-07-14 07:24:08', '2021-07-14 07:24:08'),
(94, '14211219', '33', '1002', '10', '2', '1', 'Administror', NULL, 1, 1, '2021-07-14 07:26:19', '2021-07-14 07:26:19'),
(95, '14211231', '33', '1002', '10', '2', '1', 'Administror', NULL, 1, 1, '2021-07-14 07:28:31', '2021-07-14 07:28:31'),
(96, '14211233', '33', '1002', '10', '2', '1', 'Administror', NULL, 1, 1, '2021-07-14 07:29:33', '2021-07-14 07:29:33'),
(97, '14211242', '33', '1002', '10', '2', '1', 'Administror', NULL, 1, 1, '2021-07-14 07:29:42', '2021-07-14 07:29:42'),
(98, '14211337', '33', '1002', '10', '2', '1', 'Administror', NULL, 1, 1, '2021-07-14 07:30:37', '2021-07-14 07:30:37'),
(99, '14211320', '33', '1002', '10', '2', '1', 'Administror', NULL, 1, 1, '2021-07-14 07:34:20', '2021-07-14 07:34:20'),
(100, '14211331', '33', '1002', '10', '2', '1', 'Administror', NULL, 1, 1, '2021-07-14 07:34:31', '2021-07-14 07:34:31'),
(101, '14211355', '33', '1002', '10', '2', '1', 'Administror', NULL, 1, 1, '2021-07-14 07:34:55', '2021-07-14 07:34:55'),
(102, '14211313', '33', '1002', '10', '2', '1', 'Administror', NULL, 1, 1, '2021-07-14 07:58:13', '2021-07-14 07:58:13'),
(103, '14211317', '33', '1002', '10', '2', '1', 'Administror', NULL, 1, 1, '2021-07-14 08:00:17', '2021-07-14 08:00:17'),
(104, '14211355', '33', '1002', '10', '2', '1', 'Administror', NULL, 1, 1, '2021-07-14 08:14:55', '2021-07-14 08:14:55'),
(105, '14211642', '33', '887', '9', '5', '1', 'Administror', NULL, 1, 1, '2021-07-14 10:33:42', '2021-07-14 10:33:42'),
(106, '14211731', '33', '887', '9', '5', '1', 'Administror', NULL, 1, 1, '2021-07-14 11:42:31', '2021-07-14 11:42:31'),
(107, '15211255', '31', '98', '98', '102', '1', 'Administror', NULL, 1, 1, '2021-07-15 06:32:55', '2021-07-15 06:32:55'),
(108, '15211247', '31', '98', '98', '102', '1', 'Administror', NULL, 1, 1, '2021-07-15 06:33:47', '2021-07-15 06:33:47'),
(109, '16211636', '33', '2252', '2252', '225', '1', 'Administror', NULL, 1, 1, '2021-07-16 11:24:36', '2021-07-16 11:24:36'),
(110, '16211710', '30', '96', '96', '96', '1', 'Administror', NULL, 1, 1, '2021-07-16 12:14:10', '2021-07-16 12:14:10'),
(111, '16211734', '30', '96', '96', '96', '1', 'Administror', NULL, 1, 1, '2021-07-16 12:15:34', '2021-07-16 12:15:34'),
(112, '16211852', '30', '7845', '8866', '9685', '1', 'Administror', NULL, 1, 1, '2021-07-16 12:41:52', '2021-07-16 12:41:52'),
(113, '16211825', '30', '7845', '8866', '9685', '1', 'Administror', NULL, 1, 1, '2021-07-16 12:42:25', '2021-07-16 12:42:25'),
(114, '16211816', '30', '2302', '222', '2302', '1', 'Administror', NULL, 1, 1, '2021-07-16 13:15:16', '2021-07-16 13:15:16'),
(115, '16211930', '31', '2589', '20', '320', '1', 'Administror', NULL, 1, 1, '2021-07-16 13:45:30', '2021-07-16 13:45:30'),
(116, '16211904', '31', '2589', '20', '320', '1', 'Administror', NULL, 1, 1, '2021-07-16 13:48:04', '2021-07-16 13:48:04'),
(117, '16211906', '31', '2589', '20', '320', '1', 'Administror', NULL, 1, 1, '2021-07-16 13:49:06', '2021-07-16 13:49:06'),
(118, '19211426', '33', '6479', '258', '9856', '1', 'Administror', NULL, 1, 1, '2021-07-19 09:08:26', '2021-07-19 09:08:26'),
(119, '19211652', '31', '59', '59', '59', '1', 'Administror', NULL, 1, 1, '2021-07-19 10:44:52', '2021-07-19 10:44:52'),
(120, '20211236', '30', '5530', '5530', '5530', '1', 'Administror', NULL, 1, 1, '2021-07-20 06:35:36', '2021-07-20 06:35:36'),
(121, '20211227', '30', '5530', '5530', '5530', '1', 'Administror', NULL, 1, 1, '2021-07-20 06:59:27', '2021-07-20 06:59:27'),
(122, '20211334', '33', '1297', '1357', '5486', '1', 'Administror', NULL, 1, 1, '2021-07-20 08:22:34', '2021-07-20 08:22:34'),
(123, '20211719', '30', '698', '879', '698', '1', 'Administror', NULL, 1, 1, '2021-07-20 11:34:19', '2021-07-20 11:34:19'),
(124, '20211740', '30', '698', '879', '698', '1', 'Administror', NULL, 1, 1, '2021-07-20 11:35:40', '2021-07-20 11:35:40'),
(125, '20211755', '30', '698', '879', '698', '1', 'Administror', NULL, 1, 1, '2021-07-20 11:35:55', '2021-07-20 11:35:55'),
(126, '20211720', '30', '698', '879', '698', '1', 'Administror', NULL, 1, 1, '2021-07-20 11:36:20', '2021-07-20 11:36:20'),
(127, '20211735', '30', '5878', '5', '54', '1', 'Administror', NULL, 1, 1, '2021-07-20 11:50:35', '2021-07-20 11:50:35'),
(128, '20211733', '30', '5878', '5', '54', '1', 'Administror', NULL, 1, 1, '2021-07-20 11:51:33', '2021-07-20 11:51:33'),
(129, '20211736', '33', '8888', '8888', '8888', '1', 'Administror', NULL, 1, 1, '2021-07-20 12:06:36', '2021-07-20 12:06:36'),
(130, '20211730', '33', '8888', '8888', '8888', '1', 'Administror', NULL, 1, 1, '2021-07-20 12:07:30', '2021-07-20 12:07:30');

-- --------------------------------------------------------

--
-- Table structure for table `bill_of_raw_material_details`
--

CREATE TABLE `bill_of_raw_material_details` (
  `id` bigint(20) UNSIGNED NOT NULL,
  `rawMaterialName` varchar(255) COLLATE utf8mb4_unicode_ci DEFAULT NULL,
  `Quantity` varchar(255) COLLATE utf8mb4_unicode_ci DEFAULT NULL,
  `batchNo` varchar(255) COLLATE utf8mb4_unicode_ci DEFAULT NULL,
  `arNo` varchar(255) COLLATE utf8mb4_unicode_ci DEFAULT NULL,
  `date` varchar(255) COLLATE utf8mb4_unicode_ci DEFAULT NULL,
  `bill_of_raw_material_id` varchar(255) COLLATE utf8mb4_unicode_ci DEFAULT NULL,
  `created_at` timestamp NULL DEFAULT NULL,
  `updated_at` timestamp NULL DEFAULT NULL
) ENGINE=InnoDB DEFAULT CHARSET=utf8mb4 COLLATE=utf8mb4_unicode_ci;

--
-- Dumping data for table `bill_of_raw_material_details`
--

INSERT INTO `bill_of_raw_material_details` (`id`, `rawMaterialName`, `Quantity`, `batchNo`, `arNo`, `date`, `bill_of_raw_material_id`, `created_at`, `updated_at`) VALUES
(2, 'Select', NULL, 'Select', NULL, NULL, '2', '2021-06-24 10:20:26', '2021-06-24 10:20:26'),
(3, 'Select', NULL, 'Select', NULL, NULL, '3', '2021-06-24 10:20:33', '2021-06-24 10:20:33'),
(4, '30', '2', '950', '12', '2021-07-07', '37', '2021-07-07 11:13:14', '2021-07-07 11:13:14'),
(5, '33', '8', '2', '9', '2021-07-07', '38', '2021-07-07 11:14:57', '2021-07-07 11:14:57'),
(6, '33', '8', '2', '9', '2021-07-07', '39', '2021-07-07 11:15:48', '2021-07-07 11:15:48'),
(7, '33', '8', '2', '9', '2021-07-07', '40', '2021-07-07 11:16:28', '2021-07-07 11:16:28'),
(8, '27', '121', '23', '232', '2021-07-07', '41', '2021-07-07 11:35:57', '2021-07-07 11:35:57'),
(9, '25', '8', '2', '12', '2021-07-07', '42', '2021-07-07 12:14:20', '2021-07-07 12:14:20'),
(10, '29', '5', '1231', 'WQE111', '2021-07-07', '43', '2021-07-07 12:19:39', '2021-07-07 12:19:39'),
(11, '3', '10', '12', '12', '2021-07-08', '44', '2021-07-08 09:54:26', '2021-07-08 09:54:26'),
(12, '3', '10', '12', '12', '2021-07-08', '45', '2021-07-08 10:06:27', '2021-07-08 10:06:27'),
(13, '35', '1212', '1212', '121', '2021-07-08', '46', '2021-07-08 10:28:07', '2021-07-08 10:28:07'),
(14, 'Material Name', '2', 'RFLX', '3', '2021-07-08', '47', '2021-07-08 10:38:20', '2021-07-08 10:38:20'),
(15, 'Material Name', '1', 'RFLX', '1', '2021-07-08', '48', '2021-07-08 10:47:27', '2021-07-08 10:47:27'),
(16, '6', '1', '1', '1', '2021-07-08', '49', '2021-07-08 10:48:31', '2021-07-08 10:48:31'),
(17, '6', '1', '1', '1', '2021-07-08', '50', '2021-07-08 10:49:15', '2021-07-08 10:49:15'),
(18, 'Material Name', '1', 'RFLX', '1', '2021-07-08', '51', '2021-07-08 10:53:04', '2021-07-08 10:53:04'),
(19, '39', '159', '159', '159', '2021-07-09', '52', '2021-07-09 05:01:09', '2021-07-09 05:01:09'),
(20, '39', '159', '159', '11', '2021-07-09', '53', '2021-07-09 05:02:21', '2021-07-09 05:02:21'),
(21, 'Material Name', '1', 'RFLX', '1', '2021-07-09', '54', '2021-07-09 05:06:43', '2021-07-09 05:06:43'),
(22, 'Material Name', '1', 'RFLX', '1', '2021-07-01', '54', '2021-07-09 05:06:43', '2021-07-09 05:06:43'),
(23, 'Material Name', '21', 'RFLX', '21', '2021-07-09', '55', '2021-07-09 06:14:19', '2021-07-09 06:14:19'),
(24, '4', '5', '121', '2', '2021-07-09', '56', '2021-07-09 07:25:30', '2021-07-09 07:25:30'),
(25, '44', '11111', '11111', '11111', '2021-07-09', '57', '2021-07-09 11:21:02', '2021-07-09 11:21:02'),
(26, 'Material Name', '11111', 'RFLX', '111111', '2021-07-09', '58', '2021-07-09 11:21:54', '2021-07-09 11:21:54'),
(27, '46', '5535', '5535', '5535', '2021-07-09', '59', '2021-07-09 11:37:10', '2021-07-09 11:37:10'),
(28, 'Material Name', '5535', 'RFLX', '535', '2021-07-09', '60', '2021-07-09 11:37:56', '2021-07-09 11:37:56'),
(29, '49', '444', '44', '44', '2021-07-09', '61', '2021-07-09 11:48:49', '2021-07-09 11:48:49'),
(31, '4', '5', '121', '22', '2021-07-09', '63', '2021-07-09 11:59:02', '2021-07-09 11:59:02'),
(32, 'Material Name', '1', 'RFLX', '1', '2021-07-01', '64', '2021-07-09 12:00:03', '2021-07-09 12:00:03'),
(33, '54', '123', '123', '123', '2021-07-09', '65', '2021-07-09 12:05:59', '2021-07-09 12:05:59'),
(34, 'Material Name', '12', 'RFLX', '123', '2021-07-09', '66', '2021-07-09 12:07:30', '2021-07-09 12:07:30'),
(35, '25', '8', '2', '2', '2021-07-12', '67', '2021-07-12 10:37:38', '2021-07-12 10:37:38'),
(36, '25', '8', '2', '12', '2021-07-12', '68', '2021-07-12 10:42:19', '2021-07-12 10:42:19'),
(38, 'Material name', '1', NULL, '1', '2021-12-31', '1', '2021-07-12 11:08:58', '2021-07-12 11:08:58'),
(39, '97', '20', '315', '35', '2021-07-12', '69', '2021-07-12 11:14:49', '2021-07-12 11:14:49'),
(40, NULL, '2', '3', '2', '2021-07-12', '75', '2021-07-12 11:31:44', '2021-07-12 11:31:44'),
(41, '4', '5', '121', NULL, '2021-07-12', '76', '2021-07-12 11:35:08', '2021-07-12 11:35:08'),
(42, NULL, '20', '1', '20', '2021-07-12', '77', '2021-07-12 11:35:39', '2021-07-12 11:35:39'),
(43, NULL, '30', '1', '30', '2021-07-12', '78', '2021-07-12 11:37:37', '2021-07-12 11:37:37'),
(44, '4', '5', '121', '10', '2021-07-12', '79', '2021-07-12 11:37:48', '2021-07-12 11:37:48'),
(45, NULL, '30', '1', '40', '2021-07-12', '80', '2021-07-12 11:38:30', '2021-07-12 11:38:30'),
(46, '116', '333', '333', '333', '2021-07-13', '81', '2021-07-13 07:58:20', '2021-07-13 07:58:20'),
(47, '119', '5', '381', '0', '2021-07-13', '82', '2021-07-13 08:04:58', '2021-07-13 08:04:58'),
(48, '125', '30', '369', '556', '2021-07-13', '83', '2021-07-13 11:18:56', '2021-07-13 11:18:56'),
(49, NULL, '30', '369', '252', '2021-07-13', '84', '2021-07-13 11:57:07', '2021-07-13 11:57:07'),
(50, NULL, '25', '369', '989', '2021-07-13', '84', '2021-07-13 11:57:07', '2021-07-13 11:57:07'),
(51, '129', '20', '5', '25', '2021-07-14', '85', '2021-07-14 05:21:19', '2021-07-14 05:21:19'),
(52, NULL, '50', '5', '5331', '2021-07-14', '86', '2021-07-14 05:22:41', '2021-07-14 05:22:41'),
(53, NULL, '20', '5', '5996', '2021-07-14', '86', '2021-07-14 05:22:41', '2021-07-14 05:22:41'),
(54, '16', '30', '1002', '5007', '2021-07-14', '91', '2021-07-14 07:23:08', '2021-07-14 07:23:08'),
(55, '16', '30', '1002', '5007', '2021-07-14', '92', '2021-07-14 07:23:53', '2021-07-14 07:23:53'),
(56, '16', '30', '1002', '5051', '2021-07-14', '94', '2021-07-14 07:26:19', '2021-07-14 07:26:19'),
(57, '16', '30', '1002', '5051', '2021-07-14', '95', '2021-07-14 07:28:31', '2021-07-14 07:28:31'),
(58, '16', '30', '1002', '5051', '2021-07-14', '96', '2021-07-14 07:29:33', '2021-07-14 07:29:33'),
(59, '16', '30', '1002', '5051', '2021-07-14', '97', '2021-07-14 07:29:42', '2021-07-14 07:29:42'),
(60, '16', '30', '1002', '5051', '2021-07-14', '101', '2021-07-14 07:34:55', '2021-07-14 07:34:55'),
(61, '32', '55', '1002', '5051', '2021-07-14', '101', '2021-07-14 07:34:56', '2021-07-14 07:34:56'),
(62, NULL, '100', '1002', '669', '2021-07-14', '102', '2021-07-14 07:58:13', '2021-07-14 07:58:13'),
(63, NULL, '50', '1002', '670', '2021-07-14', '102', '2021-07-14 07:58:13', '2021-07-14 07:58:13'),
(64, '136', '100', '1002', '2', '2021-07-14', '103', '2021-07-14 08:00:17', '2021-07-14 08:00:17'),
(65, NULL, '100', '1002', NULL, '2021-07-14', '104', '2021-07-14 08:14:55', '2021-07-14 08:14:55'),
(66, NULL, '50', '1002', NULL, '2021-07-14', '104', '2021-07-14 08:14:55', '2021-07-14 08:14:55'),
(67, 'Material name', '1', NULL, '1', '2021-07-01', '62', '2021-07-14 09:42:51', '2021-07-14 09:42:51'),
(68, '32', '2', '887', '213', '2021-07-14', '105', '2021-07-14 10:33:42', '2021-07-14 10:33:42'),
(69, NULL, '60', '887', '210', '2021-07-14', '106', '2021-07-14 11:42:31', '2021-07-14 11:42:31'),
(70, NULL, '90', '887', '215', '2021-07-14', '106', '2021-07-14 11:42:31', '2021-07-14 11:42:31'),
(71, '15', '20', '98', '5002', '2021-07-15', '107', '2021-07-15 06:32:55', '2021-07-15 06:32:55'),
(72, '15', '10', '98', '5003', '2021-07-15', '107', '2021-07-15 06:32:55', '2021-07-15 06:32:55'),
(73, NULL, '30', '98', '510', '2021-07-15', '108', '2021-07-15 06:33:47', '2021-07-15 06:33:47'),
(74, NULL, '20', '98', '520', '2021-07-15', '108', '2021-07-15 06:33:47', '2021-07-15 06:33:47'),
(75, '15', '15', '2252', '123456', '2021-07-16', '109', '2021-07-16 11:24:36', '2021-07-16 11:24:36'),
(76, '32', '20', '96', '123456', '2021-07-16', '110', '2021-07-16 12:14:11', '2021-07-16 12:14:11'),
(77, '15', '15', '96', '553313', '2021-07-16', '110', '2021-07-16 12:14:11', '2021-07-16 12:14:11'),
(78, NULL, '60', '96', '30', '2021-07-16', '111', '2021-07-16 12:15:34', '2021-07-16 12:15:34'),
(79, NULL, '40', '96', '30', '2021-07-16', '111', '2021-07-16 12:15:34', '2021-07-16 12:15:34'),
(80, '16', '78', '7845', '553313', '2021-07-16', '112', '2021-07-16 12:41:52', '2021-07-16 12:41:52'),
(81, '32', '95', '7845', '1611', '2021-07-16', '112', '2021-07-16 12:41:52', '2021-07-16 12:41:52'),
(82, '16', '78', '7845', '553313', '2021-07-16', '113', '2021-07-16 12:42:25', '2021-07-16 12:42:25'),
(83, '32', '95', '7845', '1611', '2021-07-16', '113', '2021-07-16 12:42:25', '2021-07-16 12:42:25'),
(84, '15', '55', '2302', NULL, '2021-07-16', '114', '2021-07-16 13:15:16', '2021-07-16 13:15:16'),
(85, '15', '50', '2589', NULL, '2021-07-16', '115', '2021-07-16 13:45:30', '2021-07-16 13:45:30'),
(86, NULL, '25', '2589', '253', '2021-07-16', '117', '2021-07-16 13:49:06', '2021-07-16 13:49:06'),
(87, NULL, '15', '2589', '265', '2021-07-16', '117', '2021-07-16 13:49:06', '2021-07-16 13:49:06'),
(88, '15', '30', '6479', '123456', '2021-07-19', '118', '2021-07-19 09:08:26', '2021-07-19 09:08:26'),
(89, '15', '65', '6479', '553313', '2021-07-19', '118', '2021-07-19 09:08:27', '2021-07-19 09:08:27'),
(90, '32', '50', '59', '553313', '2021-07-19', '119', '2021-07-19 10:44:52', '2021-07-19 10:44:52'),
(91, '15', '30', '59', '123456', '2021-07-19', '119', '2021-07-19 10:44:52', '2021-07-19 10:44:52'),
(92, '15', '50', '5530', '123456', '2021-07-20', '120', '2021-07-20 06:35:36', '2021-07-20 06:35:36'),
(93, '16', '30', '5530', '1611', '2021-07-20', '120', '2021-07-20 06:35:36', '2021-07-20 06:35:36'),
(94, NULL, '50', '10', '2121', '2021-07-20', '121', '2021-07-20 06:59:27', '2021-07-20 06:59:27'),
(95, NULL, '100', '17', '21231', '2021-07-20', '121', '2021-07-20 06:59:27', '2021-07-20 06:59:27'),
(96, '15', '88', '1297', '123456', '2021-07-20', '122', '2021-07-20 08:22:34', '2021-07-20 08:22:34'),
(97, '32', '12', '1297', '553313', '2021-07-20', '122', '2021-07-20 08:22:34', '2021-07-20 08:22:34'),
(98, '15', '55', '698', '123456', '2021-07-20', '123', '2021-07-20 11:34:19', '2021-07-20 11:34:19'),
(99, '16', '10', '698', '1611', '2021-07-20', '123', '2021-07-20 11:34:19', '2021-07-20 11:34:19'),
(100, NULL, '50', '698', '1596', '2021-07-20', '124', '2021-07-20 11:35:40', '2021-07-20 11:35:40'),
(101, NULL, '50', '698', '1596', '2021-07-20', '125', '2021-07-20 11:35:55', '2021-07-20 11:35:55'),
(102, NULL, '50', '14', '1596', '2021-07-20', '126', '2021-07-20 11:36:20', '2021-07-20 11:36:20'),
(103, NULL, '50', '13', '123', '2021-07-20', '126', '2021-07-20 11:36:20', '2021-07-20 11:36:20'),
(104, '16', '30', '5878', '1611', '2021-07-20', '127', '2021-07-20 11:50:35', '2021-07-20 11:50:35'),
(105, '23', '40', '5878', '8845', '2021-07-20', '127', '2021-07-20 11:50:35', '2021-07-20 11:50:35'),
(106, NULL, '50', '22', '21212', '2021-07-20', '128', '2021-07-20 11:51:33', '2021-07-20 11:51:33'),
(107, NULL, '50', '13', '123', '2021-07-20', '128', '2021-07-20 11:51:33', '2021-07-20 11:51:33'),
(108, '15', '88', '8888', '123456', '2021-07-20', '129', '2021-07-20 12:06:36', '2021-07-20 12:06:36'),
(109, '23', '88', '8888', '8845', '2021-07-20', '129', '2021-07-20 12:06:37', '2021-07-20 12:06:37'),
(110, NULL, '88', '11', '2121', '2021-07-20', '130', '2021-07-20 12:07:30', '2021-07-20 12:07:30'),
(111, NULL, '12', '13', '123', '2021-07-20', '130', '2021-07-20 12:07:30', '2021-07-20 12:07:30');

-- --------------------------------------------------------

--
-- Table structure for table `controllers`
--

CREATE TABLE `controllers` (
  `id` int(10) UNSIGNED NOT NULL,
  `controller` varchar(255) COLLATE utf8mb4_unicode_ci NOT NULL,
  `publish` tinyint(4) NOT NULL,
  `menu_name` varchar(150) COLLATE utf8mb4_unicode_ci DEFAULT NULL,
  `is_menu` tinyint(4) NOT NULL,
  `parent` int(11) DEFAULT NULL,
  `order` int(11) NOT NULL,
  `created_at` timestamp NULL DEFAULT NULL,
  `updated_at` timestamp NULL DEFAULT NULL
) ENGINE=InnoDB DEFAULT CHARSET=utf8mb4 COLLATE=utf8mb4_unicode_ci;

--
-- Dumping data for table `controllers`
--

INSERT INTO `controllers` (`id`, `controller`, `publish`, `menu_name`, `is_menu`, `parent`, `order`, `created_at`, `updated_at`) VALUES
(3, 'Deparment', 1, 'Department', 1, 0, 1, '2021-04-22 08:24:25', '2021-04-22 08:24:25');

-- --------------------------------------------------------

--
-- Table structure for table `department`
--

CREATE TABLE `department` (
  `id` int(10) UNSIGNED NOT NULL,
  `department` varchar(255) COLLATE utf8mb4_unicode_ci NOT NULL,
  `publish` tinyint(4) NOT NULL,
  `department_type` char(1) COLLATE utf8mb4_unicode_ci NOT NULL DEFAULT 'W',
  `created_at` timestamp NULL DEFAULT NULL,
  `updated_at` timestamp NULL DEFAULT NULL
) ENGINE=InnoDB DEFAULT CHARSET=utf8mb4 COLLATE=utf8mb4_unicode_ci;

--
-- Dumping data for table `department`
--

INSERT INTO `department` (`id`, `department`, `publish`, `department_type`, `created_at`, `updated_at`) VALUES
(1, 'Administrator', 1, 'W', '2021-04-21 14:23:05', '2021-04-21 14:23:09'),
(2, 'Warehouse', 1, 'W', '2021-05-06 18:21:59', '2021-05-06 18:21:59'),
(3, 'Day Store', 1, 'W', '2021-05-07 17:25:37', '2021-06-30 17:56:19'),
(4, 'Purchase', 1, 'W', '2021-05-07 17:25:55', '2021-05-07 17:25:55'),
(5, 'Extra', 0, 'W', '2021-07-07 04:50:11', '2021-07-07 04:50:11');

-- --------------------------------------------------------

--
-- Table structure for table `designations`
--

CREATE TABLE `designations` (
  `id` int(10) UNSIGNED NOT NULL,
  `designation` varchar(255) COLLATE utf8mb4_unicode_ci NOT NULL,
  `publish` tinyint(4) NOT NULL,
  `created_at` timestamp NULL DEFAULT NULL,
  `updated_at` timestamp NULL DEFAULT NULL
) ENGINE=InnoDB DEFAULT CHARSET=utf8mb4 COLLATE=utf8mb4_unicode_ci;

--
-- Dumping data for table `designations`
--

INSERT INTO `designations` (`id`, `designation`, `publish`, `created_at`, `updated_at`) VALUES
(1, 'Administrator', 1, '2021-04-21 14:23:27', '2021-04-21 14:23:30');

-- --------------------------------------------------------

--
-- Table structure for table `detail_packing_material_requisition`
--

CREATE TABLE `detail_packing_material_requisition` (
  `id` bigint(20) UNSIGNED NOT NULL,
  `PackingMaterialName` int(11) NOT NULL DEFAULT 0,
  `Capacity` varchar(255) COLLATE utf8mb4_unicode_ci DEFAULT NULL,
  `Quantity` varchar(255) COLLATE utf8mb4_unicode_ci NOT NULL,
  `requisition_id` varchar(255) COLLATE utf8mb4_unicode_ci NOT NULL,
  `created_at` timestamp NULL DEFAULT NULL,
  `updated_at` timestamp NULL DEFAULT NULL,
  `type` char(1) COLLATE utf8mb4_unicode_ci NOT NULL DEFAULT 'R' COMMENT 'R-Raw material,F-finish Good, P- Packing material',
  `approved_qty` int(11) NOT NULL DEFAULT 0
) ENGINE=InnoDB DEFAULT CHARSET=utf8mb4 COLLATE=utf8mb4_unicode_ci;

--
-- Dumping data for table `detail_packing_material_requisition`
--

INSERT INTO `detail_packing_material_requisition` (`id`, `PackingMaterialName`, `Capacity`, `Quantity`, `requisition_id`, `created_at`, `updated_at`, `type`, `approved_qty`) VALUES
(3, 23, NULL, '10', '2', '2021-07-05 17:32:21', '2021-07-08 11:04:18', 'R', 111),
(4, 15, NULL, '5', '3', '2021-07-06 11:08:32', '2021-07-08 11:06:33', 'R', 40),
(5, 23, NULL, '5', '4', '2021-07-06 11:15:28', '2021-07-08 11:08:16', 'R', 10),
(6, 15, NULL, '1', '5', '2021-07-06 11:52:33', '2021-07-08 11:08:55', 'R', 10),
(7, 15, NULL, '1', '6', '2021-07-06 11:57:53', '2021-07-08 13:42:02', 'R', 23),
(8, 23, NULL, '2', '6', '2021-07-06 11:57:53', '2021-07-08 13:42:02', 'R', 2),
(9, 15, NULL, '8', '7', '2021-07-06 11:59:15', '2021-07-08 13:42:35', 'R', 232),
(10, 23, NULL, '100', '8', '2021-07-06 12:17:26', '2021-07-09 06:02:26', 'R', 1),
(11, 15, NULL, '22', '13', '2021-07-06 12:26:53', '2021-07-06 12:26:53', 'R', 0),
(12, 23, NULL, '42', '14', '2021-07-06 13:09:10', '2021-07-06 13:09:10', 'R', 0),
(13, 23, NULL, '111', '15', '2021-07-06 13:34:02', '2021-07-06 13:34:02', 'R', 0),
(14, 16, NULL, '2', '16', '2021-07-07 05:14:02', '2021-07-07 05:14:02', 'R', 0),
(15, 32, NULL, '10', '17', '2021-07-07 06:55:19', '2021-07-07 06:55:19', 'R', 0),
(16, 32, NULL, '101', '18', '2021-07-07 07:46:16', '2021-07-07 07:46:16', 'R', 0),
(17, 32, NULL, '12', '19', '2021-07-07 08:13:34', '2021-07-07 08:13:34', 'R', 0),
(18, 15, NULL, '1', '20', '2021-07-07 08:22:30', '2021-07-07 08:22:30', 'R', 0),
(19, 32, NULL, '10', '21', '2021-07-07 08:32:29', '2021-07-07 08:32:29', 'R', 0),
(20, 32, NULL, '1', '22', '2021-07-07 08:33:15', '2021-07-07 08:33:15', 'R', 0),
(21, 32, NULL, '12', '23', '2021-07-07 08:34:32', '2021-07-07 08:34:32', 'R', 0),
(22, 32, NULL, '2', '24', '2021-07-07 08:39:00', '2021-07-07 08:39:00', 'R', 0),
(23, 32, NULL, '15', '25', '2021-07-07 08:49:25', '2021-07-07 08:49:25', 'R', 0),
(24, 32, NULL, '5', '26', '2021-07-07 09:09:40', '2021-07-07 09:09:40', 'R', 0),
(25, 32, NULL, '8', '27', '2021-07-07 11:14:39', '2021-07-07 11:14:39', 'R', 0),
(26, 32, NULL, '8', '28', '2021-07-07 11:17:55', '2021-07-07 11:17:55', 'R', 0),
(27, 32, NULL, '121', '29', '2021-07-07 11:35:43', '2021-07-07 11:35:43', 'R', 0),
(28, 32, NULL, '50', '30', '2021-07-07 12:14:09', '2021-07-07 12:14:09', 'R', 0),
(29, 32, NULL, '5', '31', '2021-07-07 12:19:28', '2021-07-07 12:19:28', 'R', 0),
(30, 23, NULL, '5', '32', '2021-07-07 12:24:59', '2021-07-07 12:24:59', 'R', 0),
(31, 23, NULL, '4', '33', '2021-07-07 12:28:04', '2021-07-07 12:28:04', 'R', 0),
(32, 32, NULL, '99', '34', '2021-07-07 12:34:02', '2021-07-07 12:34:02', 'R', 0),
(33, 32, NULL, '1212', '35', '2021-07-08 09:54:08', '2021-07-08 09:54:08', 'R', 0),
(34, 32, NULL, '12', '36', '2021-07-08 10:06:18', '2021-07-08 10:06:18', 'R', 0),
(35, 32, NULL, '1212', '38', '2021-07-08 10:27:47', '2021-07-08 10:27:47', 'R', 0),
(36, 1, '12', '12', '41', '2021-07-08 10:34:22', '2021-07-08 10:34:22', 'R', 0),
(37, 32, NULL, '200', '42', '2021-07-08 10:48:12', '2021-07-08 10:48:12', 'R', 0),
(38, 1, '1', '1', '43', '2021-07-08 10:48:48', '2021-07-08 10:48:48', 'R', 0),
(39, 23, NULL, '159', '44', '2021-07-09 05:00:31', '2021-07-09 05:00:31', 'R', 0),
(40, 159, '159', '159', '45', '2021-07-09 05:01:31', '2021-07-09 05:01:31', 'R', 0),
(41, 159, '159', '159', '46', '2021-07-09 05:01:52', '2021-07-09 05:01:52', 'R', 0),
(42, 1, '1', '1', '47', '2021-07-09 05:05:09', '2021-07-09 05:05:09', 'R', 0),
(43, 32, NULL, '21', '48', '2021-07-09 06:13:48', '2021-07-09 06:13:48', 'R', 0),
(44, 32, NULL, '11111', '49', '2021-07-09 11:20:38', '2021-07-09 11:20:38', 'R', 0),
(45, 11111, '11111', '11111', '50', '2021-07-09 11:21:17', '2021-07-09 11:21:17', 'R', 0),
(46, 15, NULL, '5535', '51', '2021-07-09 11:36:20', '2021-07-09 11:36:20', 'R', 0),
(47, 16, NULL, '5535', '52', '2021-07-09 11:36:42', '2021-07-09 11:36:42', 'R', 0),
(48, 1, '5535', '5535', '53', '2021-07-09 11:37:26', '2021-07-09 11:37:26', 'R', 0),
(49, 15, NULL, '444', '54', '2021-07-09 11:48:35', '2021-07-09 11:48:35', 'R', 0),
(50, 1, '1', '1', '55', '2021-07-09 11:49:00', '2021-07-09 11:49:00', 'R', 0),
(51, 15, NULL, '55', '56', '2021-07-09 11:58:50', '2021-07-09 11:58:50', 'R', 0),
(52, 1, '1', '1', '57', '2021-07-09 11:59:12', '2021-07-09 11:59:12', 'R', 0),
(53, 1, '1', '1', '58', '2021-07-09 11:59:26', '2021-07-09 11:59:26', 'R', 0),
(54, 15, NULL, '123', '59', '2021-07-09 12:05:48', '2021-07-09 12:05:48', 'R', 0),
(55, 12, '132', '123', '60', '2021-07-09 12:06:16', '2021-07-09 12:06:16', 'R', 0),
(58, 32, NULL, '111', '61', '2021-07-12 10:31:55', '2021-07-12 10:31:55', 'R', 0),
(60, 1, '12', '3', '63', '2021-07-12 10:37:51', '2021-07-12 10:37:51', 'R', 0),
(61, 1, '1', '1', '64', '2021-07-12 10:39:18', '2021-07-12 10:39:18', 'R', 0),
(62, 2, '3', '1', '65', '2021-07-12 10:39:43', '2021-07-12 10:39:43', 'R', 0),
(63, 1, '2', '3', '66', '2021-07-12 10:39:54', '2021-07-12 10:39:54', 'R', 0),
(64, 32, NULL, '12', '67', '2021-07-12 10:42:12', '2021-07-12 10:42:12', 'R', 0),
(65, 1, '2', '3', '68', '2021-07-12 10:42:28', '2021-07-12 10:42:28', 'R', 0),
(66, 2, '3', '4', '69', '2021-07-12 10:43:44', '2021-07-12 10:43:44', 'R', 0),
(95, 23, NULL, '2', '1', '2021-07-12 11:12:17', '2021-07-12 11:12:17', 'R', 0),
(96, 32, NULL, '3', '1', '2021-07-12 11:12:17', '2021-07-12 11:12:17', 'R', 0),
(97, 16, NULL, '20', '70', '2021-07-12 11:14:38', '2021-07-12 11:14:38', 'R', 0),
(98, 15, NULL, '30', '70', '2021-07-12 11:14:38', '2021-07-12 11:14:38', 'R', 0),
(99, 25, '100', '101', '73', '2021-07-12 11:25:47', '2021-07-12 11:25:47', 'P', 0),
(101, 16, NULL, '2', '76', '2021-07-12 11:31:59', '2021-07-12 11:31:59', 'R', 0),
(102, 32, NULL, '2', '77', '2021-07-12 11:32:36', '2021-07-12 11:32:36', 'R', 0),
(103, 32, NULL, '22', '78', '2021-07-12 11:34:00', '2021-07-12 11:34:00', 'R', 0),
(104, 16, NULL, '20', '79', '2021-07-12 11:34:58', '2021-07-12 11:34:58', 'R', 0),
(105, 29, '10', '10', '80', '2021-07-12 11:35:21', '2021-07-12 11:35:21', 'P', 0),
(106, 29, '2', '30', '81', '2021-07-12 11:37:29', '2021-07-12 11:37:29', 'P', 0),
(107, 23, NULL, '20', '82', '2021-07-12 11:38:00', '2021-07-12 11:38:00', 'R', 0),
(108, 29, '10', '50', '83', '2021-07-12 11:38:13', '2021-07-12 11:38:13', 'P', 0),
(109, 29, '25', '25', '84', '2021-07-12 11:39:48', '2021-07-12 11:39:48', 'P', 0),
(110, 16, NULL, '25', '85', '2021-07-13 06:09:16', '2021-07-13 06:09:16', 'R', 0),
(111, 32, NULL, '15', '85', '2021-07-13 06:09:17', '2021-07-13 06:09:17', 'R', 0),
(112, 15, NULL, '9', '86', '2021-07-13 06:12:13', '2021-07-13 06:12:13', 'R', 0),
(113, 32, NULL, '11', '86', '2021-07-13 06:12:13', '2021-07-13 06:12:13', 'R', 0),
(114, 23, NULL, '1', '87', '2021-07-13 06:30:41', '2021-07-13 06:30:41', 'R', 0),
(115, 32, NULL, '2', '87', '2021-07-13 06:30:41', '2021-07-13 06:30:41', 'R', 10),
(116, 32, NULL, '333', '88', '2021-07-13 07:58:07', '2021-07-13 07:58:07', 'R', 0),
(117, 29, '10', '20', '89', '2021-07-13 07:58:51', '2021-07-13 07:58:51', 'P', 0),
(118, 32, NULL, '20', '90', '2021-07-13 08:04:24', '2021-07-13 08:04:24', 'R', 0),
(119, 23, NULL, '5', '90', '2021-07-13 08:04:24', '2021-07-13 08:04:24', 'R', 0),
(120, 25, '20', '50', '91', '2021-07-13 08:05:21', '2021-07-13 08:05:21', 'P', 0),
(121, 25, '10', '20', '92', '2021-07-13 08:20:04', '2021-07-13 08:20:04', 'P', 0),
(122, 29, '30', '40', '92', '2021-07-13 08:20:04', '2021-07-13 08:20:04', 'P', 0),
(123, 32, NULL, '32', '93', '2021-07-13 11:18:21', '2021-07-13 11:18:21', 'R', 0),
(124, 23, NULL, '2', '94', '2021-07-13 11:18:40', '2021-07-13 11:18:40', 'R', 0),
(125, 32, NULL, '30', '94', '2021-07-13 11:18:40', '2021-07-13 11:18:40', 'R', 0),
(126, 29, '30', '20', '95', '2021-07-13 11:19:05', '2021-07-13 11:19:05', 'P', 0),
(127, 25, '25', '25', '96', '2021-07-13 11:19:20', '2021-07-13 11:19:20', 'P', 0),
(128, 29, '20', '30', '96', '2021-07-13 11:19:20', '2021-07-13 11:19:20', 'P', 0),
(129, 32, NULL, '20', '97', '2021-07-14 05:21:11', '2021-07-14 05:21:11', 'R', 0),
(130, 25, '10', '20', '98', '2021-07-14 05:21:38', '2021-07-14 05:21:38', 'P', 0),
(131, 25, '30', '50', '98', '2021-07-14 05:21:38', '2021-07-14 05:21:38', 'P', 0),
(132, 32, NULL, '20', '99', '2021-07-14 06:31:27', '2021-07-14 08:37:14', 'R', 20),
(133, 32, NULL, '55', '100', '2021-07-14 06:46:50', '2021-07-14 06:51:21', 'R', 9999),
(134, 16, NULL, '30', '100', '2021-07-14 06:46:50', '2021-07-14 06:51:22', 'R', 15),
(135, 25, '25', '50', '101', '2021-07-14 07:36:22', '2021-07-14 07:36:22', 'P', 0),
(136, 29, '50', '100', '101', '2021-07-14 07:36:22', '2021-07-14 07:36:22', 'P', 0),
(139, 15, '20', '99', '62', '2021-07-14 09:43:26', '2021-07-14 09:43:26', 'R', 0),
(140, 32, NULL, '50', '102', '2021-07-14 09:47:37', '2021-07-14 09:50:51', 'R', 999),
(141, 23, NULL, '60', '102', '2021-07-14 09:47:37', '2021-07-14 09:50:51', 'R', 986),
(142, 25, '20', '5', '103', '2021-07-14 10:00:42', '2021-07-14 10:00:42', 'P', 0),
(143, 32, NULL, '2', '104', '2021-07-14 10:31:37', '2021-07-14 10:32:32', 'R', 30),
(144, 25, '50', '90', '105', '2021-07-14 10:34:04', '2021-07-14 10:34:04', 'P', 0),
(145, 29, '50', '60', '105', '2021-07-14 10:34:04', '2021-07-14 10:34:04', 'P', 0),
(146, 15, NULL, '10', '106', '2021-07-15 06:32:17', '2021-07-15 06:32:38', 'R', 20),
(147, 32, NULL, '20', '106', '2021-07-15 06:32:17', '2021-07-15 06:32:38', 'R', 20),
(148, 25, '10', '20', '107', '2021-07-15 06:33:09', '2021-07-15 06:33:09', 'P', 0),
(149, 29, '20', '30', '107', '2021-07-15 06:33:09', '2021-07-15 06:33:09', 'P', 0),
(150, 15, NULL, '99', '108', '2021-07-15 08:28:14', '2021-07-15 08:28:14', 'R', 0),
(151, 32, NULL, '1', '108', '2021-07-15 08:28:14', '2021-07-15 08:28:14', 'R', 0),
(152, 32, NULL, '38', '109', '2021-07-15 12:26:45', '2021-07-15 13:01:29', 'R', 99999999),
(153, 15, NULL, '12', '109', '2021-07-15 12:26:45', '2021-07-15 13:01:29', 'R', 1076),
(154, 23, NULL, '60', '110', '2021-07-15 13:06:40', '2021-07-15 13:06:40', 'R', 0),
(155, 15, NULL, '50', '111', '2021-07-15 13:08:10', '2021-07-15 13:08:10', 'R', 0),
(156, 16, NULL, '60', '111', '2021-07-15 13:08:10', '2021-07-15 13:08:10', 'R', 0),
(157, 16, NULL, '12', '112', '2021-07-15 13:11:10', '2021-07-15 13:11:10', 'R', 0),
(158, 23, NULL, '24', '112', '2021-07-15 13:11:10', '2021-07-15 13:11:10', 'R', 0),
(159, 16, NULL, '30', '113', '2021-07-15 13:12:35', '2021-07-15 13:33:01', 'R', 1001),
(160, 32, NULL, '80', '113', '2021-07-15 13:12:35', '2021-07-15 13:33:01', 'R', 2),
(161, 32, NULL, '50', '114', '2021-07-15 13:33:13', '2021-07-15 13:33:13', 'R', 0),
(162, 15, NULL, '50', '115', '2021-07-15 13:34:54', '2021-07-15 13:35:15', 'R', 1486),
(163, 15, NULL, '2', '116', '2021-07-15 13:35:34', '2021-07-15 13:35:34', 'R', 0),
(164, 23, NULL, '50', '117', '2021-07-16 04:45:12', '2021-07-16 04:45:12', 'R', 0),
(165, 32, NULL, '60', '117', '2021-07-16 04:45:12', '2021-07-16 04:45:12', 'R', 0),
(166, 15, NULL, '5', '118', '2021-07-16 05:48:19', '2021-07-16 05:48:19', 'R', 0),
(167, 16, NULL, '5', '118', '2021-07-16 05:48:19', '2021-07-16 05:48:19', 'R', 0),
(168, 32, NULL, '5', '119', '2021-07-16 06:10:10', '2021-07-16 06:20:15', 'R', 10),
(169, 25, '5', '10', '120', '2021-07-16 06:44:59', '2021-07-16 06:44:59', 'P', 0),
(170, 29, '10', '20', '121', '2021-07-16 06:45:11', '2021-07-16 06:45:11', 'P', 0),
(171, 29, '20', '5', '122', '2021-07-16 06:46:05', '2021-07-16 08:53:33', 'P', 15),
(172, 25, '10', '30', '122', '2021-07-16 06:46:05', '2021-07-16 08:53:33', 'P', 35),
(173, 23, NULL, '20', '75', '2021-07-16 10:31:30', '2021-07-16 10:31:30', 'R', 0),
(174, 15, NULL, '10', '123', '2021-07-16 10:35:21', '2021-07-16 10:40:49', 'R', 20),
(175, 16, NULL, '30', '124', '2021-07-16 10:57:14', '2021-07-16 10:58:58', 'R', 35),
(176, 32, NULL, '15', '124', '2021-07-16 10:57:14', '2021-07-16 10:58:58', 'R', 20),
(177, 15, NULL, '15', '125', '2021-07-16 11:24:07', '2021-07-16 11:24:21', 'R', 20),
(178, 25, '10', '20', '126', '2021-07-16 11:24:54', '2021-07-16 12:05:50', 'P', 15),
(179, 29, '30', '40', '126', '2021-07-16 11:24:54', '2021-07-16 11:41:44', 'P', 50),
(180, 15, NULL, '15', '127', '2021-07-16 12:13:06', '2021-07-16 12:13:26', 'R', 20),
(181, 32, NULL, '20', '127', '2021-07-16 12:13:06', '2021-07-16 12:13:26', 'R', 30),
(182, 25, '20', '40', '128', '2021-07-16 12:14:31', '2021-07-16 12:14:56', 'P', 50),
(183, 29, '30', '60', '128', '2021-07-16 12:14:31', '2021-07-16 12:14:56', 'P', 70),
(184, 29, '20', '30', '129', '2021-07-16 12:22:36', '2021-07-16 12:31:13', 'P', 31),
(185, 32, NULL, '95', '130', '2021-07-16 12:34:06', '2021-07-16 12:34:32', 'R', 100),
(186, 16, NULL, '78', '130', '2021-07-16 12:34:06', '2021-07-16 12:34:33', 'R', 79),
(187, 25, '10', '20', '131', '2021-07-16 12:44:14', '2021-07-16 12:44:14', 'P', 0),
(188, 29, '10', '20', '131', '2021-07-16 12:44:14', '2021-07-16 12:44:14', 'P', 0),
(189, 32, NULL, '50', '132', '2021-07-16 12:47:45', '2021-07-16 12:47:45', 'R', 0),
(190, 15, NULL, '100', '132', '2021-07-16 12:47:45', '2021-07-16 12:47:45', 'R', 0),
(191, 32, NULL, '25', '133', '2021-07-16 12:49:40', '2021-07-16 12:49:40', 'R', 0),
(192, 23, NULL, '50', '133', '2021-07-16 12:49:40', '2021-07-16 12:49:40', 'R', 0),
(193, 15, NULL, '55', '134', '2021-07-16 12:52:04', '2021-07-16 12:52:04', 'R', 0),
(194, 25, '010', '30', '135', '2021-07-16 13:15:30', '2021-07-20 09:48:21', 'P', 30),
(195, 15, NULL, '50', '136', '2021-07-16 13:45:17', '2021-07-16 13:45:17', 'R', 0),
(196, 25, '5', '15', '137', '2021-07-16 13:45:47', '2021-07-16 13:45:47', 'P', 0),
(197, 29, '20', '25', '137', '2021-07-16 13:45:47', '2021-07-16 13:45:47', 'P', 0),
(198, 15, NULL, '20', '138', '2021-07-19 08:27:01', '2021-07-19 08:28:12', 'R', 20),
(199, 16, NULL, '30', '138', '2021-07-19 08:27:01', '2021-07-19 08:28:12', 'R', 30),
(200, 32, NULL, '50', '138', '2021-07-19 08:27:01', '2021-07-19 08:28:12', 'R', 25),
(201, 15, NULL, '65', '139', '2021-07-19 08:35:53', '2021-07-19 08:38:25', 'R', 65),
(202, 32, NULL, '30', '139', '2021-07-19 08:35:53', '2021-07-19 08:38:25', 'R', 30),
(203, 25, '20', '50', '140', '2021-07-19 09:10:22', '2021-07-19 09:11:34', 'P', 50),
(204, 29, '20', '50', '140', '2021-07-19 09:10:22', '2021-07-19 09:11:34', 'P', 50),
(205, 15, NULL, '20', '141', '2021-07-19 10:08:35', '2021-07-19 10:08:35', 'R', 0),
(206, 32, NULL, '30', '141', '2021-07-19 10:08:35', '2021-07-19 10:08:35', 'R', 0),
(207, 15, NULL, '30', '142', '2021-07-19 10:34:41', '2021-07-19 10:35:44', 'R', 30),
(208, 32, NULL, '50', '142', '2021-07-19 10:34:41', '2021-07-19 10:35:44', 'R', 50),
(209, 25, '10', '20', '143', '2021-07-19 10:45:06', '2021-07-19 10:45:06', 'P', 0),
(210, 29, '10', '20', '143', '2021-07-19 10:45:06', '2021-07-19 10:45:06', 'P', 0),
(211, 32, NULL, '20', '144', '2021-07-19 10:52:59', '2021-07-19 10:52:59', 'R', 0),
(212, 23, NULL, '30', '144', '2021-07-19 10:52:59', '2021-07-19 10:52:59', 'R', 0),
(213, 32, NULL, '10', '145', '2021-07-19 10:54:27', '2021-07-19 10:54:27', 'R', 0),
(214, 15, NULL, '20', '145', '2021-07-19 10:54:27', '2021-07-19 10:54:27', 'R', 0),
(215, 15, NULL, '20', '146', '2021-07-19 10:54:56', '2021-07-19 10:54:56', 'R', 0),
(216, 32, NULL, '10', '146', '2021-07-19 10:54:56', '2021-07-19 10:54:56', 'R', 0),
(217, 23, NULL, '66', '147', '2021-07-20 04:50:18', '2021-07-20 04:56:24', 'R', 66),
(218, 15, NULL, '6', '147', '2021-07-20 04:50:18', '2021-07-20 04:56:25', 'R', 6),
(219, 23, NULL, '33', '148', '2021-07-20 05:02:33', '2021-07-20 05:02:33', 'R', 0),
(220, 16, NULL, '33', '148', '2021-07-20 05:02:33', '2021-07-20 05:02:33', 'R', 0),
(221, 15, NULL, '11', '149', '2021-07-20 05:37:36', '2021-07-20 05:38:03', 'R', 11),
(222, 16, NULL, '07', '149', '2021-07-20 05:37:36', '2021-07-20 05:38:03', 'R', 7),
(223, 29, '10', '20', '150', '2021-07-20 06:32:13', '2021-07-20 09:34:45', 'P', 20),
(224, 25, '30', '40', '150', '2021-07-20 06:32:13', '2021-07-20 09:40:52', 'P', 40),
(225, 15, NULL, '50', '151', '2021-07-20 06:34:58', '2021-07-20 06:35:22', 'R', 50),
(226, 16, NULL, '030', '151', '2021-07-20 06:34:58', '2021-07-20 06:35:22', 'R', 30),
(227, 25, '25', '50', '152', '2021-07-20 06:35:51', '2021-07-20 06:36:34', 'P', 50),
(228, 29, '50', '100', '152', '2021-07-20 06:35:51', '2021-07-20 06:36:34', 'P', 100),
(229, 15, NULL, '88', '153', '2021-07-20 08:21:36', '2021-07-20 08:22:13', 'R', 88),
(230, 32, NULL, '12', '153', '2021-07-20 08:21:36', '2021-07-20 08:22:13', 'R', 12),
(231, 25, '25', '100', '154', '2021-07-20 08:22:58', '2021-07-20 09:17:20', 'P', 100),
(232, 29, '50', '200', '154', '2021-07-20 08:22:58', '2021-07-20 09:17:20', 'P', 200),
(233, 15, NULL, '15', '155', '2021-07-20 10:26:08', '2021-07-20 10:26:36', 'R', 15),
(234, 23, NULL, '16', '155', '2021-07-20 10:26:08', '2021-07-20 10:26:36', 'R', 16),
(235, 25, '10', '20', '156', '2021-07-20 11:02:06', '2021-07-20 11:03:25', 'P', 20),
(236, 29, '10', '20', '156', '2021-07-20 11:02:06', '2021-07-20 11:03:25', 'P', 20),
(237, 16, NULL, '10', '157', '2021-07-20 11:20:20', '2021-07-20 11:22:09', 'R', 10),
(238, 23, NULL, '20', '157', '2021-07-20 11:20:20', '2021-07-20 11:22:10', 'R', 20),
(239, 25, '20', '88', '158', '2021-07-20 11:22:55', '2021-07-20 11:23:18', 'P', 88),
(240, 29, '40', '176', '158', '2021-07-20 11:22:55', '2021-07-20 11:23:19', 'P', 176),
(241, 15, NULL, '20', '159', '2021-07-20 11:25:09', '2021-07-20 11:26:26', 'R', 20),
(242, 16, NULL, '30', '159', '2021-07-20 11:25:09', '2021-07-20 11:26:26', 'R', 30),
(243, 25, '20', '50', '160', '2021-07-20 11:27:04', '2021-07-20 11:28:03', 'P', 50),
(244, 29, '30', '60', '160', '2021-07-20 11:27:05', '2021-07-20 11:28:03', 'P', 60),
(245, 15, NULL, '55', '161', '2021-07-20 11:33:40', '2021-07-20 11:34:04', 'R', 55),
(246, 16, NULL, '10', '161', '2021-07-20 11:33:40', '2021-07-20 11:34:04', 'R', 10),
(247, 25, '20', '50', '162', '2021-07-20 11:34:37', '2021-07-20 11:35:27', 'P', 50),
(248, 29, '30', '50', '162', '2021-07-20 11:34:38', '2021-07-20 11:35:28', 'P', 50),
(249, 16, NULL, '30', '163', '2021-07-20 11:50:05', '2021-07-20 11:50:24', 'R', 30),
(250, 23, NULL, '40', '163', '2021-07-20 11:50:05', '2021-07-20 11:50:24', 'R', 40),
(251, 25, '20', '50', '164', '2021-07-20 11:50:50', '2021-07-20 11:51:21', 'P', 50),
(252, 29, '30', '50', '164', '2021-07-20 11:50:50', '2021-07-20 11:51:21', 'P', 50),
(253, 15, NULL, '88', '165', '2021-07-20 12:05:58', '2021-07-20 12:06:13', 'R', 88),
(254, 23, NULL, '88', '165', '2021-07-20 12:05:58', '2021-07-20 12:06:13', 'R', 88),
(255, 25, '20', '88', '166', '2021-07-20 12:06:52', '2021-07-20 12:07:17', 'P', 88),
(256, 29, '12', '12', '166', '2021-07-20 12:06:53', '2021-07-20 12:07:17', 'P', 12);

-- --------------------------------------------------------

--
-- Table structure for table `failed_jobs`
--

CREATE TABLE `failed_jobs` (
  `id` bigint(20) UNSIGNED NOT NULL,
  `uuid` varchar(255) COLLATE utf8mb4_unicode_ci NOT NULL,
  `connection` text COLLATE utf8mb4_unicode_ci NOT NULL,
  `queue` text COLLATE utf8mb4_unicode_ci NOT NULL,
  `payload` longtext COLLATE utf8mb4_unicode_ci NOT NULL,
  `exception` longtext COLLATE utf8mb4_unicode_ci NOT NULL,
  `failed_at` timestamp NOT NULL DEFAULT current_timestamp()
) ENGINE=InnoDB DEFAULT CHARSET=utf8mb4 COLLATE=utf8mb4_unicode_ci;

-- --------------------------------------------------------

--
-- Table structure for table `finished_goods_dispatch`
--

CREATE TABLE `finished_goods_dispatch` (
  `id` bigint(20) UNSIGNED NOT NULL,
  `dispath_no` varchar(20) COLLATE utf8mb4_unicode_ci NOT NULL,
  `dispatch_form` varchar(100) COLLATE utf8mb4_unicode_ci NOT NULL,
  `dispatch_to` varchar(100) COLLATE utf8mb4_unicode_ci NOT NULL,
  `good_dispatch_date` varchar(20) COLLATE utf8mb4_unicode_ci NOT NULL,
  `mode_of_dispatch` int(11) NOT NULL,
  `party_name` varchar(255) COLLATE utf8mb4_unicode_ci DEFAULT NULL,
  `product` int(11) NOT NULL,
  `invoice_no` varchar(100) COLLATE utf8mb4_unicode_ci NOT NULL,
  `batch_no` varchar(100) COLLATE utf8mb4_unicode_ci NOT NULL,
  `grade` int(11) NOT NULL,
  `viscosity` varchar(100) COLLATE utf8mb4_unicode_ci DEFAULT NULL,
  `mfg_date` varchar(100) COLLATE utf8mb4_unicode_ci NOT NULL,
  `expiry_ratest_date` varchar(100) COLLATE utf8mb4_unicode_ci NOT NULL,
  `total_no_of_200kg_drums` int(11) DEFAULT NULL,
  `total_no_of_50kg_drums` int(11) DEFAULT NULL,
  `total_no_of_30kg_drums` int(11) DEFAULT NULL,
  `total_no_of_5kg_drums` int(11) DEFAULT NULL,
  `total_no_of_fiber_board_drums` double DEFAULT NULL,
  `total_no_qty` int(11) NOT NULL,
  `seal_no` varchar(100) COLLATE utf8mb4_unicode_ci NOT NULL,
  `dispatch_date` varchar(20) COLLATE utf8mb4_unicode_ci NOT NULL,
  `dispatch_by` int(11) NOT NULL,
  `remark` longtext COLLATE utf8mb4_unicode_ci DEFAULT NULL,
  `created_at` timestamp NULL DEFAULT NULL,
  `updated_at` timestamp NULL DEFAULT NULL
) ENGINE=InnoDB DEFAULT CHARSET=utf8mb4 COLLATE=utf8mb4_unicode_ci;

-- --------------------------------------------------------

--
-- Table structure for table `goods_receipt_notes`
--

CREATE TABLE `goods_receipt_notes` (
  `id` int(10) UNSIGNED NOT NULL,
  `goods_going_from` varchar(100) COLLATE utf8mb4_unicode_ci NOT NULL,
  `goods_going_to` varchar(100) COLLATE utf8mb4_unicode_ci NOT NULL,
  `date_of_receipt` varchar(20) COLLATE utf8mb4_unicode_ci NOT NULL,
  `manufacurer` int(11) NOT NULL,
  `supplier` int(11) NOT NULL,
  `invoice_no` varchar(100) COLLATE utf8mb4_unicode_ci NOT NULL,
  `goods_receipt_no` varchar(100) COLLATE utf8mb4_unicode_ci NOT NULL,
  `created_by` int(11) NOT NULL,
  `remark` longtext COLLATE utf8mb4_unicode_ci NOT NULL,
  `created_at` timestamp NULL DEFAULT NULL,
  `updated_at` timestamp NULL DEFAULT NULL
) ENGINE=InnoDB DEFAULT CHARSET=utf8mb4 COLLATE=utf8mb4_unicode_ci;

--
-- Dumping data for table `goods_receipt_notes`
--

INSERT INTO `goods_receipt_notes` (`id`, `goods_going_from`, `goods_going_to`, `date_of_receipt`, `manufacurer`, `supplier`, `invoice_no`, `goods_receipt_no`, `created_by`, `remark`, `created_at`, `updated_at`) VALUES
(10, '4', '2', '1617647400', 6, 7, '002', 'GRN/PM/2021/001', 1, '', '2021-05-24 15:50:13', '2021-05-24 15:50:13'),
(11, '2', '3', '1625682600', 5, 6, '12151', '121151', 1, '121', '2021-07-09 06:45:27', '2021-07-09 06:45:27'),
(12, '2', '3', '1626114600', 6, 6, '112255', '112254', 1, '', '2021-07-13 07:40:39', '2021-07-13 07:40:39'),
(13, '2', '3', '1626114600', 5, 5, '1596', '1596', 1, '', '2021-07-14 09:34:56', '2021-07-14 09:34:56'),
(14, '2', '3', '1626114600', 5, 5, '1596', '1596', 1, 'mmnmkmk', '2021-07-14 09:36:00', '2021-07-14 09:36:00'),
(15, '1', '3', '1626114600', 4, 5, '1596', '1596', 1, '', '2021-07-14 09:36:42', '2021-07-14 09:36:42'),
(16, '2', '3', '1626114600', 5, 5, '1598', '1598', 1, '215151', '2021-07-14 09:39:16', '2021-07-14 09:39:16'),
(17, '3', '1', '1626114600', 4, 5, '21', '21', 1, '123456789', '2021-07-14 10:21:51', '2021-07-14 10:22:51'),
(18, '2', '3', '1625077800', 4, 6, '525', '525', 1, '2020', '2021-07-15 10:29:52', '2021-07-15 10:29:52'),
(19, '2', '3', '1625855400', 4, 5, '536', '5369', 1, '', '2021-07-20 08:25:24', '2021-07-20 08:25:24');

-- --------------------------------------------------------

--
-- Table structure for table `goods_receipt_note_items`
--

CREATE TABLE `goods_receipt_note_items` (
  `id` bigint(20) UNSIGNED NOT NULL,
  `good_receipt_id` int(10) UNSIGNED NOT NULL,
  `material` int(11) NOT NULL,
  `total_qty` int(11) NOT NULL,
  `used_qty` int(11) DEFAULT 0,
  `ar_no_date` varchar(20) COLLATE utf8mb4_unicode_ci DEFAULT NULL,
  `created_at` timestamp NULL DEFAULT NULL,
  `updated_at` timestamp NULL DEFAULT NULL
) ENGINE=InnoDB DEFAULT CHARSET=utf8mb4 COLLATE=utf8mb4_unicode_ci;

--
-- Dumping data for table `goods_receipt_note_items`
--

INSERT INTO `goods_receipt_note_items` (`id`, `good_receipt_id`, `material`, `total_qty`, `used_qty`, `ar_no_date`, `created_at`, `updated_at`) VALUES
(11, 10, 25, 10010, 108, '2121', '2021-05-24 15:50:13', '2021-07-20 12:07:17'),
(12, 11, 25, 121, 50, '121', '2021-07-09 06:45:27', '2021-07-20 11:28:03'),
(13, 12, 29, 2000, 368, '123', '2021-07-13 07:40:39', '2021-07-20 12:07:17'),
(14, 13, 25, 20000, 50, '1596', '2021-07-14 09:34:56', '2021-07-20 11:35:27'),
(16, 14, 25, 20000, 0, '1596', '2021-07-14 09:36:00', '2021-07-14 09:36:00'),
(18, 15, 25, 2000, 0, '1596', '2021-07-14 09:36:42', '2021-07-14 09:36:42'),
(20, 16, 29, 20000, 0, '1235', '2021-07-14 09:41:10', '2021-07-14 09:41:10'),
(22, 17, 25, 21212, 138, '21212', '2021-07-14 10:22:51', '2021-07-20 11:51:21'),
(23, 17, 29, 21231, 0, '21231', '2021-07-14 10:22:51', '2021-07-14 10:22:51'),
(24, 18, 25, 202020, 0, '2020', '2021-07-15 10:29:52', '2021-07-15 10:29:52'),
(25, 19, 25, 50000, 0, '0258', '2021-07-20 08:25:24', '2021-07-20 08:25:24');

-- --------------------------------------------------------

--
-- Table structure for table `grades`
--

CREATE TABLE `grades` (
  `id` int(10) UNSIGNED NOT NULL,
  `grade` varchar(255) COLLATE utf8mb4_unicode_ci NOT NULL,
  `publish` tinyint(4) NOT NULL,
  `created_at` timestamp NULL DEFAULT NULL,
  `updated_at` timestamp NULL DEFAULT NULL
) ENGINE=InnoDB DEFAULT CHARSET=utf8mb4 COLLATE=utf8mb4_unicode_ci;

-- --------------------------------------------------------

--
-- Table structure for table `homogenizing`
--

CREATE TABLE `homogenizing` (
  `id` int(11) NOT NULL,
  `proName` varchar(255) DEFAULT NULL,
  `order_id` int(11) DEFAULT NULL,
  `bmrNo` varchar(200) DEFAULT NULL,
  `batchNo` varchar(55) DEFAULT NULL,
  `refMfrNo` varchar(425) DEFAULT NULL,
  `homoTank` varchar(255) DEFAULT NULL,
  `Observedvalue` varchar(255) DEFAULT NULL,
  `updated_at` timestamp NULL DEFAULT current_timestamp(),
  `created_at` timestamp NULL DEFAULT current_timestamp()
) ENGINE=InnoDB DEFAULT CHARSET=utf8mb4;

--
-- Dumping data for table `homogenizing`
--

INSERT INTO `homogenizing` (`id`, `proName`, `order_id`, `bmrNo`, `batchNo`, `refMfrNo`, `homoTank`, `Observedvalue`, `updated_at`, `created_at`) VALUES
(1, NULL, 9210007, 'RCIPL/BMR/Flx-2300/0922', 'xsada', 'RCIPL/MFR/01/01122', '09', 'sd', '2021-07-08 19:04:07', '2021-07-08 19:04:07'),
(2, '31', 9210001, 'RCIPL/BMR/Flx-2300/0922', 'xsada', 'RCIPL/MFR/01/01122', NULL, NULL, '2021-07-08 19:14:01', '2021-07-08 19:14:01'),
(3, '31', 16211954, '20', '2589', '320', '55', NULL, '2021-07-16 13:50:54', '2021-07-16 13:50:54'),
(4, '30', 20211727, '879', '698', '698', '526', '87', '2021-07-20 11:37:27', '2021-07-20 11:37:27'),
(5, '30', 20211751, '5', '5878', '54', NULL, NULL, '2021-07-20 11:52:51', '2021-07-20 11:52:51'),
(6, '33', 20211744, '8888', '8888', '8888', NULL, NULL, '2021-07-20 12:08:44', '2021-07-20 12:08:44');

-- --------------------------------------------------------

--
-- Table structure for table `homogenizing_list`
--

CREATE TABLE `homogenizing_list` (
  `id` int(11) NOT NULL,
  `dateProcess` varchar(50) DEFAULT NULL,
  `qty` int(11) DEFAULT NULL,
  `stratTime` varchar(50) DEFAULT NULL,
  `endTime` varchar(50) DEFAULT NULL,
  `doneby` varchar(50) DEFAULT NULL,
  `homogenizing_id` int(11) DEFAULT NULL,
  `updated_at` timestamp NULL DEFAULT NULL,
  `created_at` timestamp NULL DEFAULT NULL
) ENGINE=InnoDB DEFAULT CHARSET=utf8mb4;

--
-- Dumping data for table `homogenizing_list`
--

INSERT INTO `homogenizing_list` (`id`, `dateProcess`, `qty`, `stratTime`, `endTime`, `doneby`, `homogenizing_id`, `updated_at`, `created_at`) VALUES
(1, '2021-12-31', 5001, '09:30', '11:30', 'Employee Name', 1, '2021-07-08 19:04:07', '2021-07-08 19:04:07'),
(2, '1', 500, '09:30', '11:30', 'Employee Name', 1, '2021-07-08 19:04:07', '2021-07-08 19:04:07'),
(3, '2', 500, '09:30', '11:30', 'Employee Name', 1, '2021-07-08 19:04:07', '2021-07-08 19:04:07'),
(4, '4', 500, '09:30', '11:30', 'Employee Name', 1, '2021-07-08 19:04:07', '2021-07-08 19:04:07'),
(5, '7', 2000, '09:30', '09:30', 'Employee Name', 1, '2021-07-08 19:04:07', '2021-07-08 19:04:07'),
(6, NULL, 500, '09:30', '11:30', 'Select', 2, '2021-07-08 19:14:01', '2021-07-08 19:14:01'),
(7, NULL, 500, '09:30', '11:30', 'Select', 2, '2021-07-08 19:14:01', '2021-07-08 19:14:01'),
(8, NULL, 500, '09:30', '11:30', 'Select', 2, '2021-07-08 19:14:01', '2021-07-08 19:14:01'),
(9, NULL, 500, '09:30', '11:30', 'Select', 2, '2021-07-08 19:14:01', '2021-07-08 19:14:01'),
(10, NULL, 2000, '09:30', '09:30', 'Select', 2, '2021-07-08 19:14:01', '2021-07-08 19:14:01'),
(11, '2021-07-16', 3, '5', '6', 'Administror', 3, '2021-07-16 13:50:54', '2021-07-16 13:50:54'),
(12, '2021-07-16', 20, '7', '9', 'Administror', 3, '2021-07-16 13:50:54', '2021-07-16 13:50:54'),
(13, NULL, 20, '15', '18', 'Administror', 3, '2021-07-16 13:50:54', '2021-07-16 13:50:54'),
(14, NULL, NULL, NULL, NULL, 'Administror', 3, '2021-07-16 13:50:54', '2021-07-16 13:50:54'),
(15, '2021-07-20', 55, NULL, NULL, 'Administror', 4, '2021-07-20 11:37:27', '2021-07-20 11:37:27'),
(16, '2021-07-20', 10, NULL, NULL, 'Administror', 4, '2021-07-20 11:37:28', '2021-07-20 11:37:28'),
(17, '2021-07-20', 55, NULL, NULL, 'Administror', 4, '2021-07-20 11:37:28', '2021-07-20 11:37:28'),
(18, '2021-07-20', 10, NULL, NULL, 'Administror', 4, '2021-07-20 11:37:28', '2021-07-20 11:37:28'),
(19, NULL, NULL, NULL, NULL, 'Administror', 4, '2021-07-20 11:37:28', '2021-07-20 11:37:28'),
(20, '2021-07-20', 30, '15', '20', 'Administror', 5, '2021-07-20 11:52:51', '2021-07-20 11:52:51'),
(21, '2021-07-15', 40, '15', '20', 'Administror', 5, '2021-07-20 11:52:51', '2021-07-20 11:52:51'),
(22, '2021-07-20', 30, '12', '15', 'Administror', 5, '2021-07-20 11:52:51', '2021-07-20 11:52:51'),
(23, '2021-07-20', 40, '8', '20', 'Administror', 5, '2021-07-20 11:52:51', '2021-07-20 11:52:51'),
(24, NULL, NULL, NULL, NULL, 'Administror', 5, '2021-07-20 11:52:51', '2021-07-20 11:52:51'),
(25, '2021-07-20', 88, '12', '20', 'Administror', 6, '2021-07-20 12:08:45', '2021-07-20 12:08:45'),
(26, '2021-07-20', 88, '14', '16', 'Administror', 6, '2021-07-20 12:08:45', '2021-07-20 12:08:45'),
(27, '2021-07-20', 88, '15', '18', 'Administror', 6, '2021-07-20 12:08:45', '2021-07-20 12:08:45'),
(28, '2021-07-20', 88, '20', '22', 'Administror', 6, '2021-07-20 12:08:45', '2021-07-20 12:08:45'),
(29, NULL, NULL, NULL, NULL, 'Administror', 6, '2021-07-20 12:08:45', '2021-07-20 12:08:45');

-- --------------------------------------------------------

--
-- Table structure for table `inward_finished_goods`
--

CREATE TABLE `inward_finished_goods` (
  `id` bigint(20) UNSIGNED NOT NULL,
  `inward_no` varchar(100) COLLATE utf8mb4_unicode_ci NOT NULL,
  `inward_date` varchar(20) COLLATE utf8mb4_unicode_ci NOT NULL,
  `product_name` int(11) NOT NULL,
  `batch_no` varchar(50) COLLATE utf8mb4_unicode_ci NOT NULL,
  `grade` int(10) UNSIGNED NOT NULL,
  `viscosity` varchar(255) COLLATE utf8mb4_unicode_ci DEFAULT NULL,
  `mfg_date` varchar(20) COLLATE utf8mb4_unicode_ci NOT NULL,
  `expiry_ratest_date` varchar(20) COLLATE utf8mb4_unicode_ci NOT NULL,
  `total_no_of_200kg_drums` int(11) DEFAULT NULL,
  `total_no_of_50kg_drums` int(11) DEFAULT NULL,
  `total_no_of_30kg_drums` int(11) DEFAULT NULL,
  `total_no_of_5kg_drums` int(11) DEFAULT NULL,
  `total_no_of_fiber_board_drums` int(11) DEFAULT NULL,
  `total_quantity` double NOT NULL,
  `total_no_of_200kg_drums_bal` double DEFAULT NULL,
  `total_no_of_50kg_drums_bal` double DEFAULT NULL,
  `total_no_of_30kg_drums_bal` double DEFAULT NULL,
  `total_no_of_5kg_drums_bal` double DEFAULT NULL,
  `total_no_of_fiber_board_drums_bal` int(11) DEFAULT NULL,
  `total_quantity_bal` int(11) DEFAULT NULL,
  `ar_no` varchar(30) COLLATE utf8mb4_unicode_ci DEFAULT NULL,
  `approval_data` varchar(20) COLLATE utf8mb4_unicode_ci NOT NULL,
  `received_by` int(11) NOT NULL,
  `remark` longtext COLLATE utf8mb4_unicode_ci DEFAULT NULL,
  `created_at` timestamp NULL DEFAULT NULL,
  `updated_at` timestamp NULL DEFAULT NULL
) ENGINE=InnoDB DEFAULT CHARSET=utf8mb4 COLLATE=utf8mb4_unicode_ci;

-- --------------------------------------------------------

--
-- Table structure for table `inward_raw_materials`
--

CREATE TABLE `inward_raw_materials` (
  `id` int(10) UNSIGNED NOT NULL,
  `inward_no` varchar(40) COLLATE utf8mb4_unicode_ci NOT NULL,
  `received_from` varchar(125) COLLATE utf8mb4_unicode_ci NOT NULL,
  `received_to` varchar(125) COLLATE utf8mb4_unicode_ci NOT NULL,
  `date_of_receipt` varchar(20) COLLATE utf8mb4_unicode_ci NOT NULL,
  `material` int(11) NOT NULL,
  `manufacturer` int(11) NOT NULL,
  `supplier` int(11) NOT NULL,
  `supplier_address` text COLLATE utf8mb4_unicode_ci DEFAULT NULL,
  `supplier_gst` varchar(255) COLLATE utf8mb4_unicode_ci DEFAULT NULL,
  `invoice_no` varchar(100) COLLATE utf8mb4_unicode_ci NOT NULL,
  `goods_receipt_no` varchar(100) COLLATE utf8mb4_unicode_ci NOT NULL,
  `viscosity` varchar(100) COLLATE utf8mb4_unicode_ci DEFAULT NULL,
  `created_by` int(11) NOT NULL,
  `remark` longtext COLLATE utf8mb4_unicode_ci DEFAULT NULL,
  `created_at` timestamp NULL DEFAULT NULL,
  `updated_at` timestamp NULL DEFAULT NULL
) ENGINE=InnoDB DEFAULT CHARSET=utf8mb4 COLLATE=utf8mb4_unicode_ci;

--
-- Dumping data for table `inward_raw_materials`
--

INSERT INTO `inward_raw_materials` (`id`, `inward_no`, `received_from`, `received_to`, `date_of_receipt`, `material`, `manufacturer`, `supplier`, `supplier_address`, `supplier_gst`, `invoice_no`, `goods_receipt_no`, `viscosity`, `created_by`, `remark`, `created_at`, `updated_at`) VALUES
(16, '1', '2', '4', '1619202600', 23, 4, 5, NULL, NULL, 'SS-21/22-0018', 'GRM/RM/21/002', NULL, 1, NULL, '2021-05-24 15:28:23', '2021-05-24 15:28:23'),
(17, '1', '2', '4', '1619202600', 23, 4, 5, NULL, NULL, 'SS-21/22-0018', 'GRM/RM/21/002', NULL, 1, NULL, '2021-05-24 15:28:40', '2021-05-24 15:28:40'),
(18, '18', '2', '4', '1617733800', 15, 5, 6, NULL, NULL, '513280', 'GRN/RM/21/001', NULL, 1, NULL, '2021-05-24 15:33:32', '2021-05-24 15:33:32'),
(19, '19', '2', '1', '1625077800', 16, 5, 6, NULL, NULL, '12345', '2123', '11', 1, 'Note', '2021-07-07 04:53:54', '2021-07-07 04:53:54'),
(20, '20', '3', '2', '1626114600', 32, 6, 6, NULL, NULL, '553311', '553312', '555', 1, NULL, '2021-07-14 06:50:41', '2021-07-14 06:50:41');

-- --------------------------------------------------------

--
-- Table structure for table `inward_raw_materials_items`
--

CREATE TABLE `inward_raw_materials_items` (
  `id` int(10) UNSIGNED NOT NULL,
  `inward_raw_material_id` int(10) UNSIGNED NOT NULL,
  `material` int(11) NOT NULL,
  `opening_stock` double DEFAULT NULL,
  `batch_no` varchar(100) COLLATE utf8mb4_unicode_ci DEFAULT NULL,
  `total_no_of_containers_or_bags` int(11) NOT NULL,
  `qty_received_kg` int(11) NOT NULL,
  `used_qty` double DEFAULT 0,
  `mfg_date` varchar(20) COLLATE utf8mb4_unicode_ci NOT NULL,
  `mfg_expiry_date` varchar(20) COLLATE utf8mb4_unicode_ci NOT NULL,
  `rio_care_expiry_date` varchar(20) COLLATE utf8mb4_unicode_ci DEFAULT NULL,
  `ar_no_date` varchar(20) COLLATE utf8mb4_unicode_ci DEFAULT NULL,
  `created_at` timestamp NULL DEFAULT NULL,
  `updated_at` timestamp NULL DEFAULT NULL
) ENGINE=InnoDB DEFAULT CHARSET=utf8mb4 COLLATE=utf8mb4_unicode_ci;

--
-- Dumping data for table `inward_raw_materials_items`
--

INSERT INTO `inward_raw_materials_items` (`id`, `inward_raw_material_id`, `material`, `opening_stock`, `batch_no`, `total_no_of_containers_or_bags`, `qty_received_kg`, `used_qty`, `mfg_date`, `mfg_expiry_date`, `rio_care_expiry_date`, `ar_no_date`, `created_at`, `updated_at`) VALUES
(10, 19, 16, 0, '165', 5, 101500, 1747, '1623695400', '1640802600', '1636914600', '1611', '2021-07-07 04:53:54', '2021-07-20 11:50:24'),
(12, 17, 23, 0, 'MCR-22876', 4, 20000, 754, '1612117800', '1767205800', '', '8845', '2021-05-24 15:28:40', '2021-07-20 12:06:13'),
(13, 18, 15, 0, 'MP/5370', 6, 150000, 2009, '1614537000', '1769884200', '1769884200', '123456', '2021-05-24 15:33:32', '2021-07-20 12:06:13'),
(15, 20, 32, 100000, '950', 500, 119999, 440, '1625077800', '1672425000', '1672425000', '553313', '2021-07-14 06:50:41', '2021-07-20 09:45:11'),
(16, 20, 25, 1000, '18', 0, 1000, 301, '16116161', '11161614', NULL, '55454', '2021-07-15 12:09:27', '2021-07-16 12:31:13'),
(59, 20, 25, 1000, '18', 50, 1000, 200, '16116161', '11161614', NULL, '55454', '2021-07-15 12:09:27', '2021-07-16 12:09:27');

-- --------------------------------------------------------

--
-- Table structure for table `issual_by_stores_for_production`
--

CREATE TABLE `issual_by_stores_for_production` (
  `id` int(11) NOT NULL,
  `requisition_no` varchar(255) COLLATE utf8mb4_unicode_ci DEFAULT NULL,
  `opening_balance` varchar(255) COLLATE utf8mb4_unicode_ci DEFAULT NULL,
  `issual_date` varchar(255) COLLATE utf8mb4_unicode_ci DEFAULT NULL,
  `product_name` varchar(255) COLLATE utf8mb4_unicode_ci DEFAULT NULL,
  `batch_no` varchar(255) COLLATE utf8mb4_unicode_ci DEFAULT NULL,
  `quantity` varchar(255) COLLATE utf8mb4_unicode_ci DEFAULT NULL,
  `for_fg_batch_no` varchar(255) COLLATE utf8mb4_unicode_ci DEFAULT NULL,
  `returned_from_day_store` varchar(255) COLLATE utf8mb4_unicode_ci DEFAULT NULL,
  `dispensed_by` varchar(255) COLLATE utf8mb4_unicode_ci DEFAULT NULL,
  `remark` text COLLATE utf8mb4_unicode_ci DEFAULT NULL,
  `created_at` timestamp NULL DEFAULT NULL,
  `updated_at` timestamp NULL DEFAULT NULL
) ENGINE=InnoDB DEFAULT CHARSET=utf8mb4 COLLATE=utf8mb4_unicode_ci;

-- --------------------------------------------------------

--
-- Table structure for table `issue_material_production`
--

CREATE TABLE `issue_material_production` (
  `id` bigint(20) UNSIGNED NOT NULL,
  `requisition_no` varchar(50) COLLATE utf8mb4_unicode_ci NOT NULL,
  `material` int(11) NOT NULL,
  `opening_bal` int(11) NOT NULL,
  `batch_no` varchar(50) COLLATE utf8mb4_unicode_ci NOT NULL,
  `viscosity` varchar(50) COLLATE utf8mb4_unicode_ci DEFAULT NULL,
  `issual_date` varchar(20) COLLATE utf8mb4_unicode_ci NOT NULL,
  `issued_quantity` double NOT NULL,
  `batch_quantity` double DEFAULT NULL,
  `finished_batch_no` varchar(100) COLLATE utf8mb4_unicode_ci DEFAULT NULL,
  `excess` double DEFAULT NULL,
  `wastage` double DEFAULT NULL,
  `returned_from_day_store` double DEFAULT NULL,
  `closing_balance_qty` double NOT NULL,
  `dispensed_by` int(11) NOT NULL,
  `remark` longtext COLLATE utf8mb4_unicode_ci DEFAULT NULL,
  `created_at` timestamp NULL DEFAULT NULL,
  `updated_at` timestamp NULL DEFAULT NULL
) ENGINE=InnoDB DEFAULT CHARSET=utf8mb4 COLLATE=utf8mb4_unicode_ci;

--
-- Dumping data for table `issue_material_production`
--

INSERT INTO `issue_material_production` (`id`, `requisition_no`, `material`, `opening_bal`, `batch_no`, `viscosity`, `issual_date`, `issued_quantity`, `batch_quantity`, `finished_batch_no`, `excess`, `wastage`, `returned_from_day_store`, `closing_balance_qty`, `dispensed_by`, `remark`, `created_at`, `updated_at`) VALUES
(4, '9898', 15, 150, '13', '2', '2021-07-14', 10, NULL, '33', NULL, NULL, NULL, 140, 1, NULL, '2021-07-14 06:29:53', '2021-07-14 06:29:53'),
(5, '99', 32, 100000, '14', '5', '2021-07-14', 100, NULL, '33', NULL, NULL, NULL, 99900, 1, NULL, '2021-07-14 06:32:49', '2021-07-14 06:32:49'),
(6, '100', 32, 100000, '14', '5', '2021-07-14', 100, NULL, '33', NULL, NULL, NULL, 99900, 1, NULL, '2021-07-14 06:47:36', '2021-07-14 06:47:36'),
(7, '102', 32, 109999, '15', '5689', '2021-07-14', 999, NULL, '33', NULL, NULL, NULL, 109000, 1, NULL, '2021-07-14 09:50:06', '2021-07-14 09:50:06');

-- --------------------------------------------------------

--
-- Table structure for table `issue_material_production_requestion`
--

CREATE TABLE `issue_material_production_requestion` (
  `id` int(11) NOT NULL,
  `requestion_id` int(11) NOT NULL,
  `from` varchar(100) NOT NULL,
  `to` varchar(100) NOT NULL,
  `issed_date` varchar(30) NOT NULL,
  `batch_no` varchar(100) NOT NULL,
  `checkedBy` int(11) NOT NULL,
  `ApprovedBy` int(11) NOT NULL,
  `batch_id` int(11) NOT NULL,
  `created_at` datetime NOT NULL,
  `updated_at` datetime NOT NULL
) ENGINE=InnoDB DEFAULT CHARSET=utf8;

--
-- Dumping data for table `issue_material_production_requestion`
--

INSERT INTO `issue_material_production_requestion` (`id`, `requestion_id`, `from`, `to`, `issed_date`, `batch_no`, `checkedBy`, `ApprovedBy`, `batch_id`, `created_at`, `updated_at`) VALUES
(6, 1, 'Warehouse', 'Day Store', '2021-07-05', '12486', 1, 1, 1, '2021-07-05 17:25:17', '2021-07-05 17:25:17'),
(7, 2, 'Warehouse', 'Day Store', '2021-07-08', '12', 1, 1, 2, '2021-07-08 16:34:18', '2021-07-08 16:34:18'),
(8, 3, 'Warehouse', 'Day Store', '2021-07-08', '121', 1, 1, 3, '2021-07-08 16:36:33', '2021-07-08 16:36:33'),
(9, 4, 'Administrator', 'Day Store', '2021-07-08', '1225', 1, 1, 4, '2021-07-08 16:38:16', '2021-07-08 16:38:16'),
(10, 5, 'Warehouse', 'Day Store', '2021-07-08', '1', 1, 1, 5, '2021-07-08 16:38:55', '2021-07-08 16:38:55'),
(11, 6, 'Warehouse', 'Day Store', '2021-07-08', '1', 1, 1, 6, '2021-07-08 19:12:02', '2021-07-08 19:12:02'),
(12, 7, 'Warehouse', 'Day Store', '2021-07-08', '121', 1, 1, 7, '2021-07-08 19:12:34', '2021-07-08 19:12:34'),
(13, 8, 'Warehouse', 'Day Store', '2021-07-09', 'sadas', 1, 1, 8, '2021-07-09 11:32:25', '2021-07-09 11:32:25'),
(14, 100, 'Warehouse', 'Day Store', '2021-07-14', '1002', 1, 1, 100, '2021-07-14 12:21:21', '2021-07-14 12:21:21'),
(15, 99, 'Warehouse', 'Day Store', '2021-07-14', '1001', 1, 1, 99, '2021-07-14 14:07:13', '2021-07-14 14:07:13'),
(16, 102, 'Warehouse', 'Day Store', '2021-07-14', '1793', 1, 1, 102, '2021-07-14 15:20:51', '2021-07-14 15:20:51'),
(17, 104, 'Warehouse', 'Day Store', '2021-07-14', '887', 1, 1, 104, '2021-07-14 16:02:32', '2021-07-14 16:02:32'),
(18, 106, 'Warehouse', 'Day Store', '2021-07-15', '98', 1, 1, 106, '2021-07-15 12:02:38', '2021-07-15 12:02:38'),
(19, 109, 'Warehouse', 'Day Store', '2021-07-15', '57', 1, 1, 109, '2021-07-15 18:31:28', '2021-07-15 18:31:28'),
(20, 113, 'Warehouse', 'Day Store', '2021-07-15', '25', 1, 1, 113, '2021-07-15 19:03:00', '2021-07-15 19:03:00'),
(21, 115, 'Warehouse', 'Day Store', '2021-07-15', '25', 1, 1, 115, '2021-07-15 19:05:15', '2021-07-15 19:05:15'),
(22, 119, 'Warehouse', 'Day Store', '2021-07-16', '996', 1, 1, 119, '2021-07-16 11:50:15', '2021-07-16 11:50:15'),
(23, 122, 'Warehouse', 'Day Store', '2021-07-16', '996', 1, 1, 122, '2021-07-16 14:23:32', '2021-07-16 14:23:32'),
(24, 122, 'Warehouse', 'Day Store', '2021-07-16', '996', 1, 1, 122, '2021-07-16 14:24:54', '2021-07-16 14:24:54'),
(25, 122, 'Warehouse', 'Day Store', '2021-07-16', '996', 1, 1, 122, '2021-07-16 14:25:40', '2021-07-16 14:25:40'),
(26, 122, 'Warehouse', 'Day Store', '2021-07-16', '996', 1, 1, 122, '2021-07-16 14:25:44', '2021-07-16 14:25:44'),
(27, 123, 'Warehouse', 'Day Store', '2021-07-16', '777', 1, 1, 123, '2021-07-16 16:10:49', '2021-07-16 16:10:49'),
(28, 124, 'Warehouse', 'Day Store', '2021-07-16', '777', 1, 1, 124, '2021-07-16 16:28:57', '2021-07-16 16:28:57'),
(29, 125, 'Warehouse', 'Day Store', '2021-07-16', '2252', 1, 1, 125, '2021-07-16 16:54:21', '2021-07-16 16:54:21'),
(30, 126, 'Warehouse', 'Day Store', '2021-07-16', '2252', 1, 1, 126, '2021-07-16 16:55:27', '2021-07-16 16:55:27'),
(31, 126, 'Warehouse', 'Day Store', '2021-07-16', '2252', 1, 1, 126, '2021-07-16 16:56:34', '2021-07-16 16:56:34'),
(32, 126, 'Warehouse', 'Day Store', '2021-07-16', '2252', 1, 1, 126, '2021-07-16 16:59:25', '2021-07-16 16:59:25'),
(33, 126, 'Warehouse', 'Day Store', '2021-07-16', '2252', 1, 1, 126, '2021-07-16 17:02:55', '2021-07-16 17:02:55'),
(34, 126, 'Warehouse', 'Day Store', '2021-07-16', '2252', 1, 1, 126, '2021-07-16 17:06:32', '2021-07-16 17:06:32'),
(35, 126, 'Warehouse', 'Day Store', '2021-07-16', '2252', 1, 1, 126, '2021-07-16 17:07:36', '2021-07-16 17:07:36'),
(36, 126, 'Warehouse', 'Day Store', '2021-07-16', '2252', 1, 1, 126, '2021-07-16 17:11:31', '2021-07-16 17:11:31'),
(37, 126, 'Warehouse', 'Day Store', '2021-07-16', '2252', 1, 1, 126, '2021-07-16 17:11:43', '2021-07-16 17:11:43'),
(38, 126, 'Warehouse', 'Day Store', '2021-07-16', '2252', 1, 1, 126, '2021-07-16 17:13:31', '2021-07-16 17:13:31'),
(39, 126, 'Warehouse', 'Day Store', '2021-07-16', '2252', 1, 1, 126, '2021-07-16 17:13:45', '2021-07-16 17:13:45'),
(40, 126, 'Warehouse', 'Day Store', '2021-07-16', '2252', 1, 1, 126, '2021-07-16 17:14:25', '2021-07-16 17:14:25'),
(41, 126, 'Warehouse', 'Day Store', '2021-07-16', '2252', 1, 1, 126, '2021-07-16 17:24:49', '2021-07-16 17:24:49'),
(42, 126, 'Warehouse', 'Day Store', '2021-07-16', '2252', 1, 1, 126, '2021-07-16 17:29:13', '2021-07-16 17:29:13'),
(43, 126, 'Warehouse', 'Day Store', '2021-07-16', '2252', 1, 1, 126, '2021-07-16 17:30:15', '2021-07-16 17:30:15'),
(44, 126, 'Warehouse', 'Day Store', '2021-07-16', '2252', 1, 1, 126, '2021-07-16 17:30:17', '2021-07-16 17:30:17'),
(45, 126, 'Warehouse', 'Day Store', '2021-07-16', '2252', 1, 1, 126, '2021-07-16 17:31:32', '2021-07-16 17:31:32'),
(46, 126, 'Warehouse', 'Day Store', '2021-07-16', '2252', 1, 1, 126, '2021-07-16 17:31:52', '2021-07-16 17:31:52'),
(47, 126, 'Warehouse', 'Day Store', '2021-07-16', '2252', 1, 1, 126, '2021-07-16 17:32:15', '2021-07-16 17:32:15'),
(48, 126, 'Warehouse', 'Day Store', '2021-07-16', '2252', 1, 1, 126, '2021-07-16 17:33:29', '2021-07-16 17:33:29'),
(49, 126, 'Warehouse', 'Day Store', '2021-07-16', '2252', 1, 1, 126, '2021-07-16 17:35:50', '2021-07-16 17:35:50'),
(50, 126, 'Warehouse', 'Day Store', '2021-07-16', '2252', 1, 1, 126, '2021-07-16 17:36:39', '2021-07-16 17:36:39'),
(51, 126, 'Warehouse', 'Day Store', '2021-07-16', '2252', 1, 1, 126, '2021-07-16 17:37:06', '2021-07-16 17:37:06'),
(52, 126, 'Warehouse', 'Day Store', '2021-07-16', '2252', 1, 1, 126, '2021-07-16 17:38:26', '2021-07-16 17:38:26'),
(53, 126, 'Warehouse', 'Day Store', '2021-07-16', '2252', 1, 1, 126, '2021-07-16 17:42:17', '2021-07-16 17:42:17'),
(54, 126, 'Warehouse', 'Day Store', '2021-07-16', '2252', 1, 1, 126, '2021-07-16 17:42:24', '2021-07-16 17:42:24'),
(55, 127, 'Warehouse', 'Day Store', '2021-07-16', '96', 1, 1, 127, '2021-07-16 17:43:26', '2021-07-16 17:43:26'),
(56, 128, 'Warehouse', 'Day Store', '2021-07-16', '96', 1, 1, 128, '2021-07-16 17:44:56', '2021-07-16 17:44:56'),
(57, 129, 'Warehouse', 'Day Store', '2021-07-16', '96', 1, 1, 129, '2021-07-16 18:01:13', '2021-07-16 18:01:13'),
(58, 130, 'Warehouse', 'Day Store', '2021-07-16', '7845', 1, 1, 130, '2021-07-16 18:04:32', '2021-07-16 18:04:32'),
(59, 138, 'Warehouse', 'Day Store', '2021-07-19', '6479', 1, 1, 138, '2021-07-19 13:58:12', '2021-07-19 13:58:12'),
(60, 139, 'Warehouse', 'Day Store', '2021-07-19', '6479', 1, 1, 139, '2021-07-19 14:08:24', '2021-07-19 14:08:24'),
(61, 140, 'Warehouse', 'Day Store', '2021-07-19', '6479', 1, 1, 140, '2021-07-19 14:41:34', '2021-07-19 14:41:34'),
(62, 142, 'Warehouse', 'Day Store', '2021-07-19', '59', 1, 1, 142, '2021-07-19 16:05:43', '2021-07-19 16:05:43'),
(63, 147, 'Warehouse', 'Day Store', '2021-07-20', '666666', 1, 1, 147, '2021-07-20 10:26:24', '2021-07-20 10:26:24'),
(64, 149, 'Warehouse', 'Day Store', '2021-07-20', '1105', 1, 1, 149, '2021-07-20 11:08:02', '2021-07-20 11:08:02'),
(65, 151, 'Warehouse', 'Day Store', '2021-07-20', '5530', 1, 1, 151, '2021-07-20 12:05:22', '2021-07-20 12:05:22'),
(66, 152, 'Warehouse', 'Day Store', '2021-07-20', '5530', 1, 1, 152, '2021-07-20 12:06:34', '2021-07-20 12:06:34'),
(67, 153, 'Warehouse', 'Day Store', '2021-07-20', '1297', 1, 1, 153, '2021-07-20 13:52:13', '2021-07-20 13:52:13'),
(68, 154, 'Warehouse', 'Day Store', '2021-07-20', '1297', 1, 1, 154, '2021-07-20 14:47:20', '2021-07-20 14:47:20'),
(69, 150, 'Warehouse', 'Day Store', '2021-07-20', '1105', 1, 1, 150, '2021-07-20 15:04:45', '2021-07-20 15:04:45'),
(70, 150, 'Warehouse', 'Day Store', '2021-07-20', '1105', 1, 1, 150, '2021-07-20 15:06:57', '2021-07-20 15:06:57'),
(71, 150, 'Warehouse', 'Day Store', '2021-07-20', '1105', 1, 1, 150, '2021-07-20 15:10:52', '2021-07-20 15:10:52'),
(72, 150, 'Warehouse', 'Day Store', '2021-07-20', '1105', 1, 1, 150, '2021-07-20 15:12:13', '2021-07-20 15:12:13'),
(73, 150, 'Warehouse', 'Day Store', '2021-07-20', '1105', 1, 1, 150, '2021-07-20 15:12:54', '2021-07-20 15:12:54'),
(74, 150, 'Warehouse', 'Day Store', '2021-07-20', '1105', 1, 1, 150, '2021-07-20 15:15:11', '2021-07-20 15:15:11'),
(75, 154, 'Warehouse', 'Day Store', '2021-07-20', '1297', 1, 1, 154, '2021-07-20 15:16:50', '2021-07-20 15:16:50'),
(76, 135, 'Warehouse', 'Day Store', '2021-07-20', '2302', 1, 1, 135, '2021-07-20 15:18:21', '2021-07-20 15:18:21'),
(77, 155, 'Warehouse', 'Day Store', '2021-07-20', '2258', 1, 1, 93, '2021-07-20 15:56:36', '2021-07-20 15:56:36'),
(78, 156, 'Warehouse', 'Day Store', '2021-07-20', '2258', 1, 1, 93, '2021-07-20 16:33:24', '2021-07-20 16:33:24'),
(79, 148, 'Warehouse', 'Day Store', '2021-07-20', '666666', 1, 1, 89, '2021-07-20 16:39:32', '2021-07-20 16:39:32'),
(80, 148, 'Warehouse', 'Day Store', '2021-07-20', '666666', 1, 1, 89, '2021-07-20 16:41:32', '2021-07-20 16:41:32'),
(81, 148, 'Warehouse', 'Day Store', '2021-07-20', '666666', 1, 1, 89, '2021-07-20 16:49:28', '2021-07-20 16:49:28'),
(82, 157, 'Warehouse', 'Day Store', '2021-07-20', '2564', 1, 1, 94, '2021-07-20 16:50:44', '2021-07-20 16:50:44'),
(83, 157, 'Warehouse', 'Day Store', '2021-07-20', '2564', 1, 1, 94, '2021-07-20 16:51:49', '2021-07-20 16:51:49'),
(84, 157, 'Warehouse', 'Day Store', '2021-07-20', '2564', 1, 1, 94, '2021-07-20 16:52:09', '2021-07-20 16:52:09'),
(85, 158, 'Warehouse', 'Day Store', '2021-07-20', '2564', 1, 1, 94, '2021-07-20 16:53:18', '2021-07-20 16:53:18'),
(86, 159, 'Warehouse', 'Day Store', '2021-07-20', '362', 1, 1, 95, '2021-07-20 16:56:25', '2021-07-20 16:56:25'),
(87, 160, 'Warehouse', 'Day Store', '2021-07-20', '362', 1, 1, 95, '2021-07-20 16:58:03', '2021-07-20 16:58:03'),
(88, 161, 'Warehouse', 'Day Store', '2021-07-20', '698', 1, 1, 96, '2021-07-20 17:04:04', '2021-07-20 17:04:04'),
(89, 162, 'Warehouse', 'Day Store', '2021-07-20', '698', 1, 1, 96, '2021-07-20 17:05:27', '2021-07-20 17:05:27'),
(90, 163, 'Warehouse', 'Day Store', '2021-07-20', '5878', 1, 1, 97, '2021-07-20 17:20:23', '2021-07-20 17:20:23'),
(91, 164, 'Warehouse', 'Day Store', '2021-07-20', '5878', 1, 1, 97, '2021-07-20 17:21:21', '2021-07-20 17:21:21'),
(92, 165, 'Warehouse', 'Day Store', '2021-07-20', '8888', 1, 1, 98, '2021-07-20 17:36:12', '2021-07-20 17:36:12'),
(93, 166, 'Warehouse', 'Day Store', '2021-07-20', '8888', 1, 1, 98, '2021-07-20 17:37:17', '2021-07-20 17:37:17');

-- --------------------------------------------------------

--
-- Table structure for table `issue_material_production_requestion_details`
--

CREATE TABLE `issue_material_production_requestion_details` (
  `id` int(11) NOT NULL,
  `issual_material_id` int(11) NOT NULL DEFAULT 0,
  `material_id` int(11) NOT NULL,
  `requesist_qty` double NOT NULL,
  `batch_id` int(11) NOT NULL,
  `approved_qty` double NOT NULL,
  `ar_no_date` varchar(100) NOT NULL,
  `main_details_id` int(11) NOT NULL,
  `created_at` datetime NOT NULL,
  `updated_at` datetime NOT NULL
) ENGINE=InnoDB DEFAULT CHARSET=utf8;

--
-- Dumping data for table `issue_material_production_requestion_details`
--

INSERT INTO `issue_material_production_requestion_details` (`id`, `issual_material_id`, `material_id`, `requesist_qty`, `batch_id`, `approved_qty`, `ar_no_date`, `main_details_id`, `created_at`, `updated_at`) VALUES
(3, 6, 15, 100, 13, 100, '123456', 1, '2021-07-05 17:25:17', '2021-07-05 17:25:17'),
(4, 6, 23, 50, 12, 20, '-', 1, '2021-07-05 17:25:17', '2021-07-05 17:25:17'),
(5, 7, 23, 10, 12, 111, '11', 2, '2021-07-08 16:34:18', '2021-07-08 16:34:18'),
(6, 8, 15, 5, 13, 40, '123456', 3, '2021-07-08 16:36:33', '2021-07-08 16:36:33'),
(7, 9, 23, 5, 12, 10, '12345', 4, '2021-07-08 16:38:16', '2021-07-08 16:38:16'),
(8, 10, 15, 1, 13, 10, '123456', 5, '2021-07-08 16:38:55', '2021-07-08 16:38:55'),
(9, 11, 15, 1, 13, 23, '12', 6, '2021-07-08 19:12:02', '2021-07-08 19:12:02'),
(10, 11, 23, 2, 12, 2, '1', 6, '2021-07-08 19:12:02', '2021-07-08 19:12:02'),
(11, 12, 15, 8, 13, 232, '121', 7, '2021-07-08 19:12:35', '2021-07-08 19:12:35'),
(12, 13, 23, 100, 12, 1, '1', 8, '2021-07-09 11:32:26', '2021-07-09 11:32:26'),
(13, 14, 32, 55, 15, 9999, '553313', 100, '2021-07-14 12:21:21', '2021-07-14 12:21:21'),
(14, 14, 16, 30, 14, 15, '1611', 100, '2021-07-14 12:21:21', '2021-07-14 12:21:21'),
(15, 15, 32, 20, 15, 20, '300', 99, '2021-07-14 14:07:14', '2021-07-14 14:07:14'),
(16, 16, 32, 50, 15, 999, '668', 102, '2021-07-14 15:20:51', '2021-07-14 15:20:51'),
(17, 16, 23, 60, 12, 986, '51', 102, '2021-07-14 15:20:51', '2021-07-14 15:20:51'),
(18, 17, 32, 2, 15, 30, '512', 104, '2021-07-14 16:02:32', '2021-07-14 16:02:32'),
(19, 18, 15, 10, 13, 20, '10', 106, '2021-07-15 12:02:38', '2021-07-15 12:02:38'),
(20, 18, 32, 20, 15, 20, '10', 106, '2021-07-15 12:02:38', '2021-07-15 12:02:38'),
(21, 19, 32, 38, 15, 99999999, '553313', 109, '2021-07-15 18:31:29', '2021-07-15 18:31:29'),
(22, 19, 15, 12, 13, 1076, '123456', 109, '2021-07-15 18:31:29', '2021-07-15 18:31:29'),
(23, 20, 16, 30, 14, 1001, '1611', 113, '2021-07-15 19:03:01', '2021-07-15 19:03:01'),
(24, 20, 32, 80, 15, 2, '553313', 113, '2021-07-15 19:03:01', '2021-07-15 19:03:01'),
(25, 21, 15, 50, 13, 1486, '123456', 115, '2021-07-15 19:05:15', '2021-07-15 19:05:15'),
(26, 22, 32, 5, 15, 10, '553313', 119, '2021-07-16 11:50:15', '2021-07-16 11:50:15'),
(27, 23, 29, 5, 12, 15, '123', 122, '2021-07-16 14:23:33', '2021-07-16 14:23:33'),
(28, 23, 25, 30, 17, 35, '21212', 122, '2021-07-16 14:23:33', '2021-07-16 14:23:33'),
(29, 24, 29, 5, 12, 15, '123', 122, '2021-07-16 14:24:54', '2021-07-16 14:24:54'),
(30, 24, 25, 30, 17, 35, '21212', 122, '2021-07-16 14:24:54', '2021-07-16 14:24:54'),
(31, 25, 29, 5, 12, 15, '123', 122, '2021-07-16 14:25:40', '2021-07-16 14:25:40'),
(32, 25, 25, 30, 17, 35, '21212', 122, '2021-07-16 14:25:41', '2021-07-16 14:25:41'),
(33, 26, 29, 5, 12, 15, '123', 122, '2021-07-16 14:25:44', '2021-07-16 14:25:44'),
(34, 26, 25, 30, 17, 35, '21212', 122, '2021-07-16 14:25:44', '2021-07-16 14:25:44'),
(35, 27, 15, 10, 13, 20, '123456', 123, '2021-07-16 16:10:49', '2021-07-16 16:10:49'),
(36, 28, 16, 30, 14, 35, '1611', 124, '2021-07-16 16:28:57', '2021-07-16 16:28:57'),
(37, 28, 32, 15, 15, 20, '553313', 124, '2021-07-16 16:28:58', '2021-07-16 16:28:58'),
(38, 29, 15, 15, 13, 20, '123456', 125, '2021-07-16 16:54:21', '2021-07-16 16:54:21'),
(39, 30, 25, 20, 10, 25, '2121', 126, '2021-07-16 16:55:27', '2021-07-16 16:55:27'),
(40, 31, 25, 20, 10, 25, '2121', 126, '2021-07-16 16:56:34', '2021-07-16 16:56:34'),
(41, 32, 25, 20, 10, 25, '2121', 126, '2021-07-16 16:59:25', '2021-07-16 16:59:25'),
(42, 33, 25, 20, 10, 25, '2121', 126, '2021-07-16 17:02:55', '2021-07-16 17:02:55'),
(43, 34, 25, 20, 10, 25, '2121', 126, '2021-07-16 17:06:32', '2021-07-16 17:06:32'),
(44, 35, 25, 20, 10, 25, '2121', 126, '2021-07-16 17:07:36', '2021-07-16 17:07:36'),
(45, 36, 25, 20, 10, 25, '2121', 126, '2021-07-16 17:11:31', '2021-07-16 17:11:31'),
(46, 37, 25, 20, 10, 25, '2121', 126, '2021-07-16 17:11:43', '2021-07-16 17:11:43'),
(47, 37, 29, 40, 17, 50, '21231', 126, '2021-07-16 17:11:43', '2021-07-16 17:11:43'),
(48, 38, 25, 20, 10, 25, '2121', 126, '2021-07-16 17:13:31', '2021-07-16 17:13:31'),
(49, 39, 25, 20, 10, 25, '2121', 126, '2021-07-16 17:13:45', '2021-07-16 17:13:45'),
(50, 40, 25, 20, 10, 25, '2121', 126, '2021-07-16 17:14:25', '2021-07-16 17:14:25'),
(51, 40, 29, 40, 17, 50, '21231', 126, '2021-07-16 17:14:25', '2021-07-16 17:14:25'),
(52, 41, 25, 20, 18, 25, '2020', 126, '2021-07-16 17:24:49', '2021-07-16 17:24:49'),
(53, 42, 25, 20, 18, 25, '2020', 126, '2021-07-16 17:29:13', '2021-07-16 17:29:13'),
(54, 43, 25, 20, 18, 25, '2020', 126, '2021-07-16 17:30:15', '2021-07-16 17:30:15'),
(55, 44, 25, 20, 18, 25, '2020', 126, '2021-07-16 17:30:18', '2021-07-16 17:30:18'),
(56, 45, 25, 20, 18, 25, '2020', 126, '2021-07-16 17:31:32', '2021-07-16 17:31:32'),
(57, 46, 25, 20, 18, 25, '2020', 126, '2021-07-16 17:31:52', '2021-07-16 17:31:52'),
(58, 47, 25, 20, 18, 25, '2020', 126, '2021-07-16 17:32:15', '2021-07-16 17:32:15'),
(59, 48, 25, 20, 18, 25, '2020', 126, '2021-07-16 17:33:29', '2021-07-16 17:33:29'),
(60, 49, 25, 20, 18, 15, '2020', 126, '2021-07-16 17:35:50', '2021-07-16 17:35:50'),
(61, 50, 25, 20, 18, 15, '2020', 126, '2021-07-16 17:36:39', '2021-07-16 17:36:39'),
(62, 51, 25, 20, 18, 15, '2020', 126, '2021-07-16 17:37:06', '2021-07-16 17:37:06'),
(63, 52, 25, 20, 18, 15, '2020', 126, '2021-07-16 17:38:26', '2021-07-16 17:38:26'),
(64, 53, 25, 20, 18, 15, '2020', 126, '2021-07-16 17:42:17', '2021-07-16 17:42:17'),
(65, 54, 25, 20, 18, 15, '2020', 126, '2021-07-16 17:42:24', '2021-07-16 17:42:24'),
(66, 55, 15, 15, 13, 20, '123456', 127, '2021-07-16 17:43:26', '2021-07-16 17:43:26'),
(67, 55, 32, 20, 15, 30, '553313', 127, '2021-07-16 17:43:26', '2021-07-16 17:43:26'),
(68, 56, 25, 40, 10, 50, '2121', 128, '2021-07-16 17:44:56', '2021-07-16 17:44:56'),
(69, 56, 29, 60, 16, 70, '1235', 128, '2021-07-16 17:44:56', '2021-07-16 17:44:56'),
(70, 57, 29, 30, 16, 31, '1235', 129, '2021-07-16 18:01:13', '2021-07-16 18:01:13'),
(71, 58, 32, 95, 15, 100, '553313', 130, '2021-07-16 18:04:32', '2021-07-16 18:04:32'),
(72, 58, 16, 78, 10, 79, '1611', 130, '2021-07-16 18:04:33', '2021-07-16 18:04:33'),
(73, 59, 15, 20, 13, 20, '123456', 138, '2021-07-19 13:58:12', '2021-07-19 13:58:12'),
(74, 59, 16, 30, 10, 30, '1611', 138, '2021-07-19 13:58:12', '2021-07-19 13:58:12'),
(75, 59, 32, 50, 15, 25, '553313', 138, '2021-07-19 13:58:12', '2021-07-19 13:58:12'),
(76, 60, 15, 65, 13, 65, '123456', 139, '2021-07-19 14:08:25', '2021-07-19 14:08:25'),
(77, 60, 32, 30, 15, 30, '553313', 139, '2021-07-19 14:08:25', '2021-07-19 14:08:25'),
(78, 61, 25, 50, 10, 50, '2121', 140, '2021-07-19 14:41:34', '2021-07-19 14:41:34'),
(79, 61, 29, 50, 17, 50, '21231', 140, '2021-07-19 14:41:34', '2021-07-19 14:41:34'),
(80, 62, 15, 30, 13, 30, '123456', 142, '2021-07-19 16:05:44', '2021-07-19 16:05:44'),
(81, 62, 32, 50, 15, 50, '553313', 142, '2021-07-19 16:05:44', '2021-07-19 16:05:44'),
(82, 63, 23, 66, 12, 66, '8845', 147, '2021-07-20 10:26:24', '2021-07-20 10:26:24'),
(83, 63, 15, 6, 13, 6, '123456', 147, '2021-07-20 10:26:25', '2021-07-20 10:26:25'),
(84, 64, 15, 11, 13, 11, '123456', 149, '2021-07-20 11:08:03', '2021-07-20 11:08:03'),
(85, 64, 16, 7, 10, 7, '1611', 149, '2021-07-20 11:08:03', '2021-07-20 11:08:03'),
(86, 65, 15, 50, 13, 50, '123456', 151, '2021-07-20 12:05:22', '2021-07-20 12:05:22'),
(87, 65, 16, 30, 10, 30, '1611', 151, '2021-07-20 12:05:22', '2021-07-20 12:05:22'),
(88, 66, 25, 50, 10, 50, '2121', 152, '2021-07-20 12:06:34', '2021-07-20 12:06:34'),
(89, 66, 29, 100, 17, 100, '21231', 152, '2021-07-20 12:06:34', '2021-07-20 12:06:34'),
(90, 67, 15, 88, 13, 88, '123456', 153, '2021-07-20 13:52:13', '2021-07-20 13:52:13'),
(91, 67, 32, 12, 15, 12, '553313', 153, '2021-07-20 13:52:13', '2021-07-20 13:52:13'),
(92, 68, 25, 100, 10, 100, '2121', 154, '2021-07-20 14:47:20', '2021-07-20 14:47:20'),
(93, 68, 29, 200, 12, 200, '123', 154, '2021-07-20 14:47:20', '2021-07-20 14:47:20'),
(94, 69, 29, 20, 12, 20, '123', 150, '2021-07-20 15:04:45', '2021-07-20 15:04:45'),
(95, 70, 29, 20, 12, 20, '123', 150, '2021-07-20 15:06:57', '2021-07-20 15:06:57'),
(96, 71, 29, 20, 12, 20, '123', 150, '2021-07-20 15:10:52', '2021-07-20 15:10:52'),
(97, 71, 25, 40, 19, 40, '0258', 150, '2021-07-20 15:10:52', '2021-07-20 15:10:52'),
(98, 72, 29, 20, 12, 20, '123', 150, '2021-07-20 15:12:13', '2021-07-20 15:12:13'),
(99, 73, 29, 20, 12, 20, '123', 150, '2021-07-20 15:12:54', '2021-07-20 15:12:54'),
(100, 73, 25, 40, 10, 40, '2121', 150, '2021-07-20 15:12:54', '2021-07-20 15:12:54'),
(101, 74, 29, 20, 12, 20, '123', 150, '2021-07-20 15:15:11', '2021-07-20 15:15:11'),
(102, 74, 25, 40, 15, 40, '1596', 150, '2021-07-20 15:15:11', '2021-07-20 15:15:11'),
(103, 75, 25, 100, 10, 100, '2121', 154, '2021-07-20 15:16:50', '2021-07-20 15:16:50'),
(104, 75, 29, 200, 12, 200, '123', 154, '2021-07-20 15:16:50', '2021-07-20 15:16:50'),
(105, 76, 25, 30, 10, 30, '2121', 135, '2021-07-20 15:18:21', '2021-07-20 15:18:21'),
(106, 77, 15, 15, 13, 15, '123456', 93, '2021-07-20 15:56:36', '2021-07-20 15:56:36'),
(107, 77, 23, 16, 12, 16, '8845', 93, '2021-07-20 15:56:36', '2021-07-20 15:56:36'),
(108, 78, 25, 20, 11, 20, '2121', 93, '2021-07-20 16:33:25', '2021-07-20 16:33:25'),
(109, 78, 29, 20, 13, 20, '123', 93, '2021-07-20 16:33:25', '2021-07-20 16:33:25'),
(110, 84, 16, 10, 10, 10, '1611', 157, '2021-07-20 16:52:09', '2021-07-20 16:52:09'),
(111, 84, 23, 20, 12, 20, '8845', 157, '2021-07-20 16:52:09', '2021-07-20 16:52:09'),
(112, 85, 25, 88, 22, 88, '21212', 158, '2021-07-20 16:53:18', '2021-07-20 16:53:18'),
(113, 85, 29, 176, 13, 176, '123', 158, '2021-07-20 16:53:19', '2021-07-20 16:53:19'),
(114, 86, 15, 20, 13, 20, '123456', 159, '2021-07-20 16:56:25', '2021-07-20 16:56:25'),
(115, 86, 16, 30, 10, 30, '1611', 159, '2021-07-20 16:56:26', '2021-07-20 16:56:26'),
(116, 87, 25, 50, 12, 50, '121', 160, '2021-07-20 16:58:03', '2021-07-20 16:58:03'),
(117, 87, 29, 60, 13, 60, '123', 160, '2021-07-20 16:58:03', '2021-07-20 16:58:03'),
(118, 88, 15, 55, 13, 55, '123456', 161, '2021-07-20 17:04:04', '2021-07-20 17:04:04'),
(119, 88, 16, 10, 10, 10, '1611', 161, '2021-07-20 17:04:04', '2021-07-20 17:04:04'),
(120, 89, 25, 50, 14, 50, '1596', 162, '2021-07-20 17:05:27', '2021-07-20 17:05:27'),
(121, 89, 29, 50, 13, 50, '123', 162, '2021-07-20 17:05:27', '2021-07-20 17:05:27'),
(122, 90, 16, 30, 10, 30, '1611', 163, '2021-07-20 17:20:24', '2021-07-20 17:20:24'),
(123, 90, 23, 40, 12, 40, '8845', 163, '2021-07-20 17:20:24', '2021-07-20 17:20:24'),
(124, 91, 25, 50, 22, 50, '21212', 164, '2021-07-20 17:21:21', '2021-07-20 17:21:21'),
(125, 91, 29, 50, 13, 50, '123', 164, '2021-07-20 17:21:21', '2021-07-20 17:21:21'),
(126, 92, 15, 88, 13, 88, '123456', 165, '2021-07-20 17:36:13', '2021-07-20 17:36:13'),
(127, 92, 23, 88, 12, 88, '8845', 165, '2021-07-20 17:36:13', '2021-07-20 17:36:13'),
(128, 93, 25, 88, 11, 88, '2121', 166, '2021-07-20 17:37:17', '2021-07-20 17:37:17'),
(129, 93, 29, 12, 13, 12, '123', 166, '2021-07-20 17:37:17', '2021-07-20 17:37:17');

-- --------------------------------------------------------

--
-- Table structure for table `line_clearance_record`
--

CREATE TABLE `line_clearance_record` (
  `id` bigint(20) UNSIGNED NOT NULL,
  `EquipmentName` varchar(255) COLLATE utf8mb4_unicode_ci DEFAULT NULL,
  `Observation` varchar(255) COLLATE utf8mb4_unicode_ci DEFAULT NULL,
  `time` varchar(255) COLLATE utf8mb4_unicode_ci DEFAULT NULL,
  `line_clearance_id` int(11) DEFAULT NULL,
  `created_at` timestamp NULL DEFAULT NULL,
  `updated_at` timestamp NULL DEFAULT NULL
) ENGINE=InnoDB DEFAULT CHARSET=utf8mb4 COLLATE=utf8mb4_unicode_ci;

-- --------------------------------------------------------

--
-- Table structure for table `list_of_equipment_in_manufacturin_process`
--

CREATE TABLE `list_of_equipment_in_manufacturin_process` (
  `id` bigint(20) UNSIGNED NOT NULL,
  `EquipmentName` varchar(255) COLLATE utf8mb4_unicode_ci DEFAULT NULL,
  `EquipmentCode` varchar(255) COLLATE utf8mb4_unicode_ci DEFAULT NULL,
  `batch_manufacturing_id` int(11) DEFAULT NULL,
  `created_at` timestamp NULL DEFAULT NULL,
  `updated_at` timestamp NULL DEFAULT NULL
) ENGINE=InnoDB DEFAULT CHARSET=utf8mb4 COLLATE=utf8mb4_unicode_ci;

--
-- Dumping data for table `list_of_equipment_in_manufacturin_process`
--

INSERT INTO `list_of_equipment_in_manufacturin_process` (`id`, `EquipmentName`, `EquipmentCode`, `batch_manufacturing_id`, `created_at`, `updated_at`) VALUES
(1, 'Filling Station', 'PR/RC/001', 1, '2021-07-08 10:59:35', '2021-07-08 10:59:35'),
(2, 'SS Reactor', 'PR/RC/001', 2, '2021-07-08 11:00:00', '2021-07-08 11:00:00'),
(3, 'SS Reactor', 'PR/RC/001', 3, '2021-07-08 11:01:28', '2021-07-08 11:01:28'),
(4, 'SS Reactor', 'PR/RC/001', 4, '2021-07-09 05:07:28', '2021-07-09 05:07:28'),
(5, 'SS Reactor', 'PR/RC/001', 5, '2021-07-09 06:14:35', '2021-07-09 06:14:35'),
(6, 'SS Reactor', 'PR/RC/001', 6, '2021-07-09 11:22:26', '2021-07-09 11:22:26'),
(7, 'SS Reactor', 'PR/RC/001', 7, '2021-07-09 11:22:54', '2021-07-09 11:22:54'),
(8, 'SS Reactor', 'PR/RC/002', 8, '2021-07-09 11:38:11', '2021-07-09 11:38:11'),
(9, 'SS Reactor', 'PR/RC/001', 9, '2021-07-09 11:49:47', '2021-07-09 11:49:47'),
(10, 'SS Reactor', 'PR/RC/001', 10, '2021-07-09 12:00:15', '2021-07-09 12:00:15'),
(11, 'SS Homogenising Tank', 'PR/RC/002', 11, '2021-07-09 12:07:43', '2021-07-09 12:07:43'),
(12, 'SS Reactor', 'PR/RC/001', 12, '2021-07-12 11:45:12', '2021-07-12 11:45:12'),
(13, 'SS Reactor', 'PR/RC/001', 13, '2021-07-13 09:29:35', '2021-07-13 09:29:35'),
(14, 'SS Reactor', 'PR/RC/002', 13, '2021-07-13 09:29:35', '2021-07-13 09:29:35'),
(15, 'SS Reactor', 'PR/RC/001', 14, '2021-07-13 09:30:48', '2021-07-13 09:30:48'),
(16, 'SS Reactor', 'PR/RC/002', 14, '2021-07-13 09:30:48', '2021-07-13 09:30:48'),
(17, 'SS Reactor', 'PR/RC/001', 15, '2021-07-14 05:22:58', '2021-07-14 05:22:58'),
(18, '1', '1', 16, '2021-07-15 06:33:56', '2021-07-15 06:33:56'),
(19, '3', '3', 17, '2021-07-15 13:54:16', '2021-07-15 13:54:16'),
(20, '1', '1', 18, '2021-07-16 12:15:42', '2021-07-16 12:15:42'),
(21, '2', '2', 19, '2021-07-16 13:49:12', '2021-07-16 13:49:12'),
(22, '2', '2', 20, '2021-07-19 09:38:42', '2021-07-19 09:38:42'),
(23, '1', '1', 21, '2021-07-20 06:59:34', '2021-07-20 06:59:34'),
(24, '1', '1', 22, '2021-07-20 11:24:13', '2021-07-20 11:24:13'),
(25, '1', '1', 23, '2021-07-20 11:36:26', '2021-07-20 11:36:26'),
(26, '1', '1', 24, '2021-07-20 11:51:39', '2021-07-20 11:51:39'),
(27, '1', '1', 25, '2021-07-20 12:07:38', '2021-07-20 12:07:38');

-- --------------------------------------------------------

--
-- Table structure for table `manufacturers`
--

CREATE TABLE `manufacturers` (
  `id` bigint(20) UNSIGNED NOT NULL,
  `manufacturer` varchar(255) COLLATE utf8mb4_unicode_ci NOT NULL,
  `publish` tinyint(4) NOT NULL,
  `created_at` timestamp NULL DEFAULT NULL,
  `updated_at` timestamp NULL DEFAULT NULL
) ENGINE=InnoDB DEFAULT CHARSET=utf8mb4 COLLATE=utf8mb4_unicode_ci;

--
-- Dumping data for table `manufacturers`
--

INSERT INTO `manufacturers` (`id`, `manufacturer`, `publish`, `created_at`, `updated_at`) VALUES
(4, 'Molychem', 1, '2021-05-24 15:23:48', '2021-05-24 15:23:48'),
(5, 'Milton Pharma', 1, '2021-05-24 15:30:37', '2021-05-24 15:30:48'),
(6, 'Pyramid Technoplast Pvt. Ltd.', 1, '2021-05-24 15:46:30', '2021-05-24 15:46:30');

-- --------------------------------------------------------

--
-- Table structure for table `material_details`
--

CREATE TABLE `material_details` (
  `id` bigint(20) UNSIGNED NOT NULL,
  `PackingMaterialName` varchar(255) COLLATE utf8mb4_unicode_ci DEFAULT NULL,
  `Capacity` varchar(255) COLLATE utf8mb4_unicode_ci DEFAULT NULL,
  `Quantity` varchar(255) COLLATE utf8mb4_unicode_ci DEFAULT NULL,
  `arNo` varchar(255) COLLATE utf8mb4_unicode_ci DEFAULT NULL,
  `ARDate` varchar(255) COLLATE utf8mb4_unicode_ci DEFAULT NULL,
  `packingmaterial_id` int(11) DEFAULT NULL,
  `created_at` timestamp NULL DEFAULT NULL,
  `updated_at` timestamp NULL DEFAULT NULL
) ENGINE=InnoDB DEFAULT CHARSET=utf8mb4 COLLATE=utf8mb4_unicode_ci;

--
-- Dumping data for table `material_details`
--

INSERT INTO `material_details` (`id`, `PackingMaterialName`, `Capacity`, `Quantity`, `arNo`, `ARDate`, `packingmaterial_id`, `created_at`, `updated_at`) VALUES
(1, '1', '1', '1', '1', '2021-07-08', 1, '2021-07-08 10:35:31', '2021-07-08 10:35:31'),
(2, '1', '1', '1', '1', '2021-07-08', 2, '2021-07-08 10:36:13', '2021-07-08 10:36:13'),
(3, '1', '1', '1', '1', '2021-07-08', 3, '2021-07-08 10:37:59', '2021-07-08 10:37:59'),
(4, '1', '1', '1', '1', '2021-07-08', 4, '2021-07-08 10:52:47', '2021-07-08 10:52:47'),
(5, '1', '1', '1', '150', '2021-07-09', 5, '2021-07-09 05:05:29', '2021-07-09 05:05:29'),
(6, '21', '21', '21', '21', '2021-07-09', 6, '2021-07-09 06:14:00', '2021-07-09 06:14:00'),
(7, '11111', '11111', '11111', '1111', '2021-01-11', 7, '2021-07-09 11:21:36', '2021-07-09 11:21:36'),
(8, '5535', '5535', '3535', '5535', '2021-07-09', 8, '2021-07-09 11:37:43', '2021-07-09 11:37:43'),
(9, '1', '11', '1', '1', '2021-07-09', 9, '2021-07-09 11:49:20', '2021-07-09 11:49:20'),
(10, '1', '1', '1', '150', '2021-07-11', 10, '2021-07-09 11:59:51', '2021-07-09 11:59:51'),
(11, '1', NULL, '1', '1', '2021-07-09', 10, '2021-07-09 11:59:52', '2021-07-09 11:59:52'),
(12, '1', '1', '1', '11', '2021-07-09', 11, '2021-07-09 12:07:20', '2021-07-09 12:07:20');

-- --------------------------------------------------------

--
-- Table structure for table `mesurments`
--

CREATE TABLE `mesurments` (
  `id` bigint(20) UNSIGNED NOT NULL,
  `mesurment` varchar(255) COLLATE utf8mb4_unicode_ci NOT NULL,
  `mesurment_value` double DEFAULT NULL,
  `created_at` timestamp NULL DEFAULT NULL,
  `updated_at` timestamp NULL DEFAULT NULL
) ENGINE=InnoDB DEFAULT CHARSET=utf8mb4 COLLATE=utf8mb4_unicode_ci;

--
-- Dumping data for table `mesurments`
--

INSERT INTO `mesurments` (`id`, `mesurment`, `mesurment_value`, `created_at`, `updated_at`) VALUES
(1, 'Kg', 1000, '2021-04-23 08:25:27', '2021-04-23 08:25:27'),
(2, 'Ltr', 1000, '2021-04-23 08:26:17', '2021-04-23 08:26:17'),
(3, 'Gm', 1, '2021-04-23 08:26:48', '2021-04-23 08:26:48'),
(4, 'Ton', 1000, '2021-04-23 08:26:48', '2021-04-23 08:26:48');

-- --------------------------------------------------------

--
-- Table structure for table `migrations`
--

CREATE TABLE `migrations` (
  `id` int(10) UNSIGNED NOT NULL,
  `migration` varchar(255) COLLATE utf8mb4_unicode_ci NOT NULL,
  `batch` int(11) NOT NULL
) ENGINE=InnoDB DEFAULT CHARSET=utf8mb4 COLLATE=utf8mb4_unicode_ci;

--
-- Dumping data for table `migrations`
--

INSERT INTO `migrations` (`id`, `migration`, `batch`) VALUES
(45, '2021_04_10_142630_create_department_table', 1),
(46, '2021_04_10_145354_create_roles_table', 1),
(47, '2021_04_10_145629_create_designations_table', 1),
(48, '2021_04_10_151014_create_controllers_table', 1),
(49, '2021_04_10_151014_create_users_table', 1),
(50, '2021_04_10_151127_create_actions_table', 1),
(51, '2021_04_10_160707_create_access_modules_table', 1),
(52, '2021_04_15_155241_create_manufacturers_table', 1),
(53, '2021_04_15_155539_create_suppliers_table', 1),
(54, '2021_04_15_155830_create_raw_materials_table', 1),
(55, '2021_04_15_160403_create_inward_raw_materials_table', 1),
(56, '2021_04_15_160533_create_inward_raw_materials_items_table', 1),
(57, '2021_04_15_163029_create_goods_receipt_notes_table', 1),
(58, '2021_04_15_163441_create_goods_receipt_note_items_table', 1),
(59, '2021_04_16_061159_create_issue_material_production_table', 1),
(60, '2021_04_16_061160_create_grades_table', 1),
(61, '2021_04_16_070034_create_inward_finished_goods_table', 1),
(62, '2021_04_16_074602_create_mode_of_dispatch_table', 1),
(63, '2021_04_16_075541_create_finished_goods_dispatch_table', 1),
(64, '2021_04_16_083029_create_quality_controll_check_table', 1),
(65, '2021_4_11_000000_create_failed_jobs_table', 1),
(66, '2021_4_11_100000_create_password_resets_table', 1),
(67, '2021_04_23_081550_create_mesurments_table', 2),
(68, '2021_06_18_102210_create_add_batch_manufacture_table', 3),
(69, '2021_06_18_182145_create_bill_of_raw_material_table', 3),
(70, '2021_06_19_014555_create_batch_manufacturing_records_packing_table', 3),
(71, '2021_06_19_111323_create_batch_manufacturing_records_list_of_equipment_table', 3),
(72, '2021_06_19_173552_create_line_clearance_record_table', 3),
(73, '2021_06_20_125927_create_list_of_equipment_in_manufacturin_process_table', 3),
(74, '2021_06_20_134758_create_batch_manufacturing_records_line_clearance_record_table', 3),
(75, '2021_06_20_192639_create_bill_of_raw_material_details_table', 3),
(76, '2021_06_18_102211_create_add_batch_manufacture_table', 4),
(77, '2021_06_18_182146_create_bill_of_raw_material_table', 4),
(78, '2021_06_28_172258_create_add_lots_raw_material_detail_table', 5),
(79, '2021_06_28_172751_create_add_lotsl_table', 5),
(80, '2021_06_29_121845_create_packingmaterial_issual_slip_table', 5),
(81, '2021_06_29_122034_create_material_details_table', 5),
(82, '2021_06_29_151112_create_packing_material_requisition_slip_table', 5),
(83, '2021_06_29_152002_create_detail_packing_material_requisition_table', 5);

-- --------------------------------------------------------

--
-- Table structure for table `mode_of_dispatch`
--

CREATE TABLE `mode_of_dispatch` (
  `id` int(10) UNSIGNED NOT NULL,
  `mode` varchar(255) COLLATE utf8mb4_unicode_ci NOT NULL,
  `publish` tinyint(4) NOT NULL,
  `created_at` timestamp NULL DEFAULT NULL,
  `updated_at` timestamp NULL DEFAULT NULL
) ENGINE=InnoDB DEFAULT CHARSET=utf8mb4 COLLATE=utf8mb4_unicode_ci;

-- --------------------------------------------------------

--
-- Table structure for table `packingmaterial_issual_slip`
--

CREATE TABLE `packingmaterial_issual_slip` (
  `id` bigint(20) UNSIGNED NOT NULL,
  `from` varchar(255) COLLATE utf8mb4_unicode_ci DEFAULT NULL,
  `to` varchar(255) COLLATE utf8mb4_unicode_ci DEFAULT NULL,
  `batchNo` varchar(255) COLLATE utf8mb4_unicode_ci DEFAULT NULL,
  `Date` varchar(255) COLLATE utf8mb4_unicode_ci DEFAULT NULL,
  `doneBy` varchar(255) COLLATE utf8mb4_unicode_ci DEFAULT NULL,
  `checkedBy` varchar(255) COLLATE utf8mb4_unicode_ci DEFAULT NULL,
  `order_id` varchar(255) COLLATE utf8mb4_unicode_ci DEFAULT NULL,
  `created_at` timestamp NULL DEFAULT NULL,
  `updated_at` timestamp NULL DEFAULT NULL
) ENGINE=InnoDB DEFAULT CHARSET=utf8mb4 COLLATE=utf8mb4_unicode_ci;

--
-- Dumping data for table `packingmaterial_issual_slip`
--

INSERT INTO `packingmaterial_issual_slip` (`id`, `from`, `to`, `batchNo`, `Date`, `doneBy`, `checkedBy`, `order_id`, `created_at`, `updated_at`) VALUES
(1, '4', '5', NULL, '2021-07-08', 'Employee Name', 'Employee Name', '08211631', '2021-07-08 10:35:31', '2021-07-08 10:35:31'),
(2, '4', '5', NULL, '2021-07-08', 'Employee Name', 'Employee Name', '08211613', '2021-07-08 10:36:13', '2021-07-08 10:36:13'),
(3, '4', '5', NULL, '2021-07-08', 'Employee Name', 'Employee Name', '08211658', '2021-07-08 10:37:58', '2021-07-08 10:37:58'),
(4, '2', '3', NULL, '2021-07-08', 'Select', 'Select', '08211647', '2021-07-08 10:52:47', '2021-07-08 10:52:47'),
(5, '1', '3', NULL, '2021-07-09', 'Employee Name', 'Employee Name', '09211029', '2021-07-09 05:05:29', '2021-07-09 05:05:29'),
(6, '2', '3', NULL, '2021-07-09', 'Employee Name', 'Employee Name', '09211100', '2021-07-09 06:14:00', '2021-07-09 06:14:00'),
(7, '1', '5', NULL, '2021-07-09', 'Employee Name', 'Employee Name', '09211636', '2021-07-09 11:21:36', '2021-07-09 11:21:36'),
(8, '2', '2', NULL, '2021-07-09', 'Employee Name', 'Employee Name', '09211742', '2021-07-09 11:37:42', '2021-07-09 11:37:42'),
(9, '2', '3', NULL, '2021-07-09', 'Employee Name', 'Employee Name', '09211720', '2021-07-09 11:49:20', '2021-07-09 11:49:20'),
(10, '1', '2', '21', '2021-07-09', 'Employee Name', 'Employee Name', '09211751', '2021-07-09 11:59:51', '2021-07-09 11:59:51'),
(11, '1', '4', '21', '2021-07-09', 'Employee Name', 'Employee Name', '09211720', '2021-07-09 12:07:20', '2021-07-09 12:07:20'),
(12, '2', '3', '6479', '2021-07-19', NULL, 'Administror', '19211447', '2021-07-19 09:08:47', '2021-07-19 09:08:47');

-- --------------------------------------------------------

--
-- Table structure for table `packing_material_requisition_slip`
--

CREATE TABLE `packing_material_requisition_slip` (
  `id` bigint(20) UNSIGNED NOT NULL,
  `order_id` int(11) NOT NULL,
  `from` varchar(255) COLLATE utf8mb4_unicode_ci NOT NULL,
  `to` varchar(255) COLLATE utf8mb4_unicode_ci NOT NULL,
  `batchNo` varchar(255) COLLATE utf8mb4_unicode_ci NOT NULL,
  `Date` varchar(255) COLLATE utf8mb4_unicode_ci NOT NULL,
  `checkedBy` varchar(255) COLLATE utf8mb4_unicode_ci NOT NULL,
  `ApprovedBy` varchar(255) COLLATE utf8mb4_unicode_ci NOT NULL,
  `Remark` varchar(255) COLLATE utf8mb4_unicode_ci DEFAULT NULL,
  `created_at` timestamp NULL DEFAULT NULL,
  `updated_at` timestamp NULL DEFAULT NULL,
  `batch_id` int(11) NOT NULL DEFAULT 0,
  `type` char(1) COLLATE utf8mb4_unicode_ci NOT NULL COMMENT 'R-Raw Matarial, F- Finish Good, P- Packing Matarial',
  `status` tinyint(4) DEFAULT 0
) ENGINE=InnoDB DEFAULT CHARSET=utf8mb4 COLLATE=utf8mb4_unicode_ci;

--
-- Dumping data for table `packing_material_requisition_slip`
--

INSERT INTO `packing_material_requisition_slip` (`id`, `order_id`, `from`, `to`, `batchNo`, `Date`, `checkedBy`, `ApprovedBy`, `Remark`, `created_at`, `updated_at`, `batch_id`, `type`, `status`) VALUES
(1, 12211617, '2', '2', '12486', '2021-07-05', '1', '1', NULL, '2021-07-05 17:18:49', '2021-07-12 11:12:17', 7, 'R', 1),
(2, 5211721, '2', '3', '12', '2021-07-05', '1', '1', NULL, '2021-07-05 17:32:21', '2021-07-08 11:04:18', 8, 'R', 1),
(3, 6211632, '2', '3', '121', '2021-07-06', '1', '1', 'WVVWV W', '2021-07-06 11:08:32', '2021-07-08 11:06:33', 9, 'R', 1),
(4, 6211628, '1', '3', '1225', '2021-07-06', '1', '1', 'Note / Remark', '2021-07-06 11:15:28', '2021-07-08 11:08:16', 10, 'R', 1),
(5, 6211733, '2', '3', '1', '2021-07-06', '1', '1', 'Remark', '2021-07-06 11:52:33', '2021-07-08 11:08:55', 12, 'R', 1),
(6, 6211753, '2', '3', '1', '2021-07-06', '1', '1', 'Remark', '2021-07-06 11:57:53', '2021-07-08 13:42:02', 12, 'R', 1),
(7, 6211715, '2', '3', '121', '2021-07-06', '1', '1', '42452', '2021-07-06 11:59:15', '2021-07-08 13:42:35', 9, 'R', 1),
(8, 6211725, '2', '3', 'sadas', '2021-07-06', '1', '1', 'fjrhr', '2021-07-06 12:17:25', '2021-07-09 06:02:25', 14, 'R', 1),
(9, 6211743, '2', '3', '121', '2021-07-06', '1', '1', NULL, '2021-07-06 12:23:43', '2021-07-06 12:23:43', 9, 'R', 0),
(10, 6211716, '2', '3', '121', '2021-07-06', '1', '1', NULL, '2021-07-06 12:24:16', '2021-07-06 12:24:16', 9, 'R', 0),
(11, 6211705, '2', '3', '121', '2021-07-06', '1', '1', NULL, '2021-07-06 12:25:05', '2021-07-06 12:25:05', 9, 'R', 0),
(12, 6211737, '2', '3', '121', '2021-07-06', '1', '1', NULL, '2021-07-06 12:26:37', '2021-07-06 12:26:37', 9, 'R', 0),
(13, 6211753, '2', '3', '121', '2021-07-06', '1', '1', 'ssad', '2021-07-06 12:26:53', '2021-07-06 12:26:53', 9, 'R', 0),
(14, 6211810, '2', '3', '42', '2021-07-06', '1', '1', '42', '2021-07-06 13:09:10', '2021-07-06 13:09:10', 16, 'R', 0),
(15, 6211902, '2', '3', '111', '2021-07-06', '1', '1', '111', '2021-07-06 13:34:02', '2021-07-06 13:34:02', 17, 'R', 0),
(16, 7211002, '2', '3', '52', '2021-07-07', '1', '1', 'dasd', '2021-07-07 05:14:02', '2021-07-07 05:14:02', 18, 'R', 0),
(17, 7211218, '2', '3', '121', '2021-07-07', '1', '1', NULL, '2021-07-07 06:55:18', '2021-07-07 06:55:18', 9, 'R', 0),
(18, 7211316, '2', '2', 'test', '2021-07-07', '1', '1', 'test', '2021-07-07 07:46:16', '2021-07-07 07:46:16', 20, 'R', 0),
(19, 7211334, '2', '3', 'dasdas', '2021-07-07', '1', '1', 'sda', '2021-07-07 08:13:34', '2021-07-07 08:13:34', 22, 'R', 0),
(20, 7211330, '5', '3', 'Govt', '2021-07-07', '1', '1', 'Govt', '2021-07-07 08:22:30', '2021-07-07 08:22:30', 23, 'R', 0),
(21, 7211428, '2', '3', 'Govt', '2021-07-07', '1', '1', '100 param', '2021-07-07 08:32:28', '2021-07-07 08:32:28', 23, 'R', 0),
(22, 7211415, '2', '3', 'Govt', '2021-07-07', '1', '1', '1', '2021-07-07 08:33:15', '2021-07-07 08:33:15', 23, 'R', 0),
(23, 7211432, '2', '3', 'Batch No.', '2021-07-07', '1', '1', 'Note / Remark', '2021-07-07 08:34:32', '2021-07-07 08:34:32', 24, 'R', 0),
(24, 7211400, '2', '3', '950', '2021-07-07', '1', '1', '2', '2021-07-07 08:39:00', '2021-07-07 08:39:00', 25, 'R', 0),
(25, 7211425, '2', '3', '151', '2021-07-07', '1', '1', 'param bhai', '2021-07-07 08:49:25', '2021-07-07 08:49:25', 26, 'R', 0),
(26, 7211440, '2', '3', '950', '2021-07-07', '1', '1', 'noted down', '2021-07-07 09:09:40', '2021-07-07 09:09:40', 25, 'R', 0),
(27, 7211639, '2', '3', '2', '2021-07-07', '1', '1', '9', '2021-07-07 11:14:39', '2021-07-07 11:14:39', 28, 'R', 0),
(28, 7211655, '2', '3', '2', '2021-07-07', '1', '1', '9', '2021-07-07 11:17:55', '2021-07-07 11:17:55', 28, 'R', 0),
(29, 7211743, '2', '3', '23', '2021-07-07', '1', '1', '123', '2021-07-07 11:35:43', '2021-07-07 11:35:43', 30, 'R', 0),
(30, 7211709, '2', '3', '2', '2021-07-07', '1', '1', '514', '2021-07-07 12:14:09', '2021-07-07 12:14:09', 28, 'R', 0),
(31, 7211728, '2', '3', '1231', '2021-07-07', '1', '1', '12132', '2021-07-07 12:19:28', '2021-07-07 12:19:28', 32, 'R', 0),
(32, 7211758, '4', '4', '1231', '2021-07-07', '1', '1', 'adsa', '2021-07-07 12:24:58', '2021-07-07 12:24:58', 32, 'R', 0),
(33, 7211704, '1', '5', '1231', '2021-07-07', '1', '1', 'sada', '2021-07-07 12:28:04', '2021-07-07 12:28:04', 32, 'R', 0),
(34, 7211802, '2', '3', '1231', '2021-07-07', '1', '1', '1151', '2021-07-07 12:34:02', '2021-07-07 12:34:02', 32, 'R', 0),
(35, 8211508, '2', '3', '12', '2021-07-08', '1', '1', 'sada', '2021-07-08 09:54:08', '2021-07-08 09:54:08', 8, 'R', 0),
(36, 8211518, '1', '5', '12', '2021-07-08', '1', '1', NULL, '2021-07-08 10:06:18', '2021-07-08 10:06:18', 8, 'R', 0),
(37, 8211516, '1', '5', '12', '2021-07-08', '1', '1', 'fdsadas', '2021-07-08 10:20:16', '2021-07-08 10:20:16', 8, 'R', 0),
(38, 8211546, '4', '5', '1212', '2021-07-08', '1', '1', 'Notes2', '2021-07-08 10:27:46', '2021-07-08 10:27:46', 36, 'R', 0),
(39, 8211516, '4', '5', '1212', '2021-07-08', '1', '1', '12312', '2021-07-08 10:28:16', '2021-07-08 10:28:16', 36, 'R', 0),
(40, 8211602, '4', '5', '1212', '2021-07-08', '1', '1', 'sad', '2021-07-08 10:34:02', '2021-07-08 10:34:02', 36, 'R', 0),
(41, 8211622, '4', '5', '1212', '2021-07-08', '1', '1', 'sad', '2021-07-08 10:34:22', '2021-07-08 10:34:22', 36, 'R', 0),
(42, 8211612, '2', '3', '1', '2021-07-08', '1', '1', '121', '2021-07-08 10:48:12', '2021-07-08 10:48:12', 12, 'R', 0),
(43, 8211648, '2', '3', '1', '2021-07-08', '1', '1', '111', '2021-07-08 10:48:48', '2021-07-08 10:48:48', 12, 'R', 0),
(44, 9211031, '1', '3', '159', '2021-07-09', '1', '1', 'SDASZZSXXCFS', '2021-07-09 05:00:31', '2021-07-09 05:00:31', 38, 'R', 0),
(45, 9211031, '1', '3', '159', '2021-07-09', '1', '1', '159', '2021-07-09 05:01:31', '2021-07-09 05:01:31', 38, 'R', 0),
(46, 9211052, '1', '3', '159', '2021-07-09', '1', '1', 'ASASXA', '2021-07-09 05:01:52', '2021-07-09 05:01:52', 38, 'R', 0),
(47, 9211009, '1', '3', '159', '2021-07-09', '1', '1', '11', '2021-07-09 05:05:09', '2021-07-09 05:05:09', 38, 'R', 0),
(48, 9211148, '2', '3', '21', '2021-07-09', '1', '1', '21', '2021-07-09 06:13:48', '2021-07-09 06:13:48', 39, 'R', 0),
(49, 9211638, '1', '5', '11111', '2021-07-09', '1', '1', '11111', '2021-07-09 11:20:38', '2021-07-09 11:20:38', 43, 'R', 0),
(50, 9211617, '1', '5', '11111', '2021-07-09', '1', '1', '11111', '2021-07-09 11:21:17', '2021-07-09 11:21:17', 43, 'R', 0),
(51, 9211719, '2', '3', '5535', '2021-07-09', '1', '1', '5535', '2021-07-09 11:36:19', '2021-07-09 11:36:19', 44, 'R', 0),
(52, 9211742, '2', '2', '5535', '2021-07-09', '1', '1', '52525', '2021-07-09 11:36:42', '2021-07-09 11:36:42', 44, 'R', 0),
(53, 9211726, '2', '2', '5535', '2021-07-09', '1', '1', '5535', '2021-07-09 11:37:26', '2021-07-09 11:37:26', 44, 'R', 0),
(54, 9211735, '2', '3', '44', '2021-07-09', '1', '1', '444', '2021-07-09 11:48:35', '2021-07-09 11:48:35', 45, 'R', 0),
(55, 9211700, '2', '3', '44', '2021-07-09', '1', '1', '44', '2021-07-09 11:49:00', '2021-07-09 11:49:00', 45, 'R', 0),
(56, 9211750, '1', '2', '121', '2021-07-09', '1', '1', NULL, '2021-07-09 11:58:50', '2021-07-09 11:58:50', 9, 'R', 0),
(57, 9211712, '1', '2', '121', '2021-07-09', '1', '1', NULL, '2021-07-09 11:59:12', '2021-07-09 11:59:12', 9, 'R', 0),
(58, 9211726, '1', '2', '121', '2021-07-09', '1', '1', NULL, '2021-07-09 11:59:26', '2021-07-09 11:59:26', 9, 'R', 0),
(59, 9211748, '1', '4', '123', '2021-07-09', '1', '1', '123', '2021-07-09 12:05:48', '2021-07-09 12:05:48', 48, 'R', 0),
(60, 9211716, '1', '4', '123', '2021-07-09', '1', '1', '123', '2021-07-09 12:06:16', '2021-07-09 12:06:16', 48, 'R', 0),
(61, 12211655, '2', '3', '2', '2021-07-12', '1', '1', NULL, '2021-07-12 10:31:55', '2021-07-12 10:31:55', 28, 'R', 0),
(62, 14211526, '1', '1', '2', '2021-07-12', '1', '1', NULL, '2021-07-12 10:37:26', '2021-07-14 09:43:26', 28, 'R', 0),
(63, 12211651, '2', '3', '2', '2021-07-12', '1', '1', NULL, '2021-07-12 10:37:51', '2021-07-12 10:37:51', 28, 'R', 0),
(64, 12211618, '2', '3', '2', '2021-07-12', '1', '1', NULL, '2021-07-12 10:39:18', '2021-07-12 10:39:18', 28, 'R', 0),
(65, 12211643, '2', '3', '2', '2021-07-12', '1', '1', NULL, '2021-07-12 10:39:43', '2021-07-12 10:39:43', 28, 'R', 0),
(66, 12211654, '2', '3', '2', '2021-07-12', '1', '1', NULL, '2021-07-12 10:39:54', '2021-07-12 10:39:54', 28, 'R', 0),
(67, 12211612, '2', '3', '2', '2021-07-12', '1', '1', NULL, '2021-07-12 10:42:12', '2021-07-12 10:42:12', 28, 'R', 0),
(68, 12211628, '2', '3', '2', '2021-07-12', '1', '1', NULL, '2021-07-12 10:42:28', '2021-07-12 10:42:28', 28, 'R', 0),
(69, 12211644, '2', '3', '2', '2021-07-12', '1', '1', NULL, '2021-07-12 10:43:44', '2021-07-12 10:43:44', 28, 'R', 0),
(70, 12211638, '2', '3', '315', '2021-07-12', '1', '1', NULL, '2021-07-12 11:14:38', '2021-07-12 11:14:38', 52, 'R', 0),
(71, 12211611, '2', '3', '315', '2021-07-12', '1', '1', NULL, '2021-07-12 11:23:11', '2021-07-12 11:23:11', 52, 'R', 0),
(72, 12211649, '2', '3', '315', '2021-07-12', '1', '1', NULL, '2021-07-12 11:24:49', '2021-07-12 11:24:49', 52, 'R', 0),
(73, 12211647, '2', '3', '315', '2021-07-12', '1', '1', NULL, '2021-07-12 11:25:47', '2021-07-12 11:25:47', 52, 'P', 0),
(74, 12211644, '2', '3', '315', '2021-07-12', '1', '1', NULL, '2021-07-12 11:27:44', '2021-07-12 11:27:44', 52, 'P', 0),
(75, 16211630, '1', '1', '315', '2021-07-12', '1', '1', NULL, '2021-07-12 11:27:53', '2021-07-16 10:31:30', 52, 'R', 0),
(76, 12211759, '2', '3', '315', '2021-07-12', '1', '1', NULL, '2021-07-12 11:31:59', '2021-07-12 11:31:59', 52, 'R', 0),
(77, 12211736, '2', '3', '121', '2021-07-12', '1', '1', NULL, '2021-07-12 11:32:36', '2021-07-12 11:32:36', 9, 'R', 0),
(78, 12211700, '2', '3', '121', '2021-07-12', '1', '1', NULL, '2021-07-12 11:34:00', '2021-07-12 11:34:00', 9, 'R', 0),
(79, 12211758, '2', '3', '121', '2021-07-12', '1', '1', NULL, '2021-07-12 11:34:58', '2021-07-12 11:34:58', 9, 'R', 0),
(80, 12211721, '2', '3', '121', '2021-07-12', '1', '1', NULL, '2021-07-12 11:35:21', '2021-07-12 11:35:21', 9, 'P', 0),
(81, 12211729, '2', '3', '121', '2021-07-12', '1', '1', NULL, '2021-07-12 11:37:29', '2021-07-12 11:37:29', 9, 'P', 0),
(82, 12211700, '2', '3', '121', '2021-07-12', '1', '1', NULL, '2021-07-12 11:38:00', '2021-07-12 11:38:00', 9, 'R', 0),
(83, 12211713, '2', '3', '121', '2021-07-12', '1', '1', NULL, '2021-07-12 11:38:13', '2021-07-12 11:38:13', 9, 'P', 0),
(84, 12211748, '2', '3', '121', '2021-07-12', '1', '1', NULL, '2021-07-12 11:39:48', '2021-07-12 11:39:48', 9, 'P', 0),
(85, 13211116, '2', '3', '21', '2021-07-13', '1', '1', NULL, '2021-07-13 06:09:16', '2021-07-13 06:09:16', 39, 'R', 0),
(86, 13211113, '2', '3', '21', '2021-07-13', '1', '1', NULL, '2021-07-13 06:12:13', '2021-07-13 06:12:13', 39, 'R', 0),
(87, 13211240, '2', '3', '21', '2021-07-13', '1', '1', NULL, '2021-07-13 06:30:40', '2021-07-13 06:30:40', 39, 'R', 0),
(88, 13211307, '2', '3', '333', '2021-07-13', '1', '1', NULL, '2021-07-13 07:58:07', '2021-07-13 07:58:07', 55, 'R', 0),
(89, 13211351, '2', '3', '333', '2021-07-13', '1', '1', NULL, '2021-07-13 07:58:51', '2021-07-13 07:58:51', 55, 'P', 0),
(90, 13211323, '2', '3', '381', '2021-07-13', '1', '1', NULL, '2021-07-13 08:04:23', '2021-07-13 08:04:23', 56, 'R', 0),
(91, 13211321, '2', '3', '381', '2021-07-13', '1', '1', NULL, '2021-07-13 08:05:21', '2021-07-13 08:05:21', 56, 'P', 0),
(92, 13211304, '2', '3', '381', '2021-07-13', '1', '1', NULL, '2021-07-13 08:20:04', '2021-07-13 08:20:04', 56, 'P', 0),
(93, 13211621, '2', '3', '369', '2021-07-13', '1', '1', NULL, '2021-07-13 11:18:21', '2021-07-13 11:18:21', 57, 'R', 0),
(94, 13211640, '2', '3', '369', '2021-07-13', '1', '1', NULL, '2021-07-13 11:18:40', '2021-07-13 11:18:40', 57, 'R', 0),
(95, 13211605, '2', '3', '369', '2021-07-13', '1', '1', NULL, '2021-07-13 11:19:05', '2021-07-13 11:19:05', 57, 'P', 0),
(96, 13211620, '2', '3', '369', '2021-07-13', '1', '1', NULL, '2021-07-13 11:19:20', '2021-07-13 11:19:20', 57, 'P', 0),
(97, 14211011, '2', '3', '5', '2021-07-14', '1', '1', NULL, '2021-07-14 05:21:11', '2021-07-14 05:21:11', 60, 'R', 0),
(98, 14211038, '2', '3', '5', '2021-07-14', '1', '1', NULL, '2021-07-14 05:21:38', '2021-07-14 05:21:38', 60, 'P', 0),
(99, 14211226, '2', '3', '1001', '2021-07-14', '1', '1', NULL, '2021-07-14 06:31:26', '2021-07-14 08:37:14', 61, 'R', 1),
(100, 14211250, '2', '3', '1002', '2021-07-14', '1', '1', NULL, '2021-07-14 06:46:50', '2021-07-14 06:51:21', 62, 'R', 1),
(101, 14211322, '2', '3', '1002', '2021-07-14', '1', '1', NULL, '2021-07-14 07:36:22', '2021-07-14 07:36:22', 62, 'P', 0),
(102, 14211537, '2', '3', '1793', '2021-07-14', '1', '1', '5060', '2021-07-14 09:47:37', '2021-07-14 09:50:51', 63, 'R', 1),
(103, 14211541, '2', '3', '1793', '2021-07-14', '1', '1', NULL, '2021-07-14 10:00:41', '2021-07-14 10:00:41', 63, 'P', 0),
(104, 14211637, '2', '3', '887', '2021-07-14', '1', '1', NULL, '2021-07-14 10:31:37', '2021-07-14 10:32:32', 64, 'R', 1),
(105, 14211604, '2', '3', '887', '2021-07-14', '1', '1', NULL, '2021-07-14 10:34:04', '2021-07-14 10:34:04', 64, 'P', 0),
(106, 15211217, '2', '3', '98', '2021-07-15', '1', '1', NULL, '2021-07-15 06:32:17', '2021-07-15 06:32:38', 67, 'R', 1),
(107, 15211209, '2', '3', '98', '2021-07-15', '1', '1', NULL, '2021-07-15 06:33:09', '2021-07-15 06:33:09', 67, 'P', 0),
(108, 15211314, '2', '3', '56', '2021-07-15', '1', '1', NULL, '2021-07-15 08:28:14', '2021-07-15 08:28:14', 68, 'R', 0),
(109, 15211745, '2', '3', '57', '2021-07-15', '1', '1', NULL, '2021-07-15 12:26:45', '2021-07-15 13:01:29', 69, 'R', 1),
(110, 15211840, '2', '3', '25', '2021-07-15', '1', '1', NULL, '2021-07-15 13:06:40', '2021-07-15 13:06:40', 70, 'R', 0),
(111, 15211810, '2', '3', '25', '2021-07-15', '1', '1', NULL, '2021-07-15 13:08:10', '2021-07-15 13:08:10', 70, 'R', 0),
(112, 15211810, '2', '3', '25', '2021-07-15', '1', '1', NULL, '2021-07-15 13:11:10', '2021-07-15 13:11:10', 70, 'R', 0),
(113, 15211835, '2', '3', '25', '2021-07-15', '1', '1', NULL, '2021-07-15 13:12:35', '2021-07-15 13:33:01', 70, 'R', 1),
(114, 15211913, '2', '3', '25', '2021-07-15', '1', '1', NULL, '2021-07-15 13:33:13', '2021-07-15 13:33:13', 70, 'R', 0),
(115, 15211954, '2', '3', '25', '2021-07-15', '1', '1', NULL, '2021-07-15 13:34:54', '2021-07-15 13:35:15', 70, 'R', 1),
(116, 15211934, '2', '3', '25', '2021-07-15', '1', '1', NULL, '2021-07-15 13:35:34', '2021-07-15 13:35:34', 70, 'R', 0),
(117, 16211012, '2', '3', '996', '2021-07-16', '1', '1', NULL, '2021-07-16 04:45:12', '2021-07-16 04:45:12', 71, 'R', 0),
(118, 16211119, '2', '3', '996', '2021-07-16', '1', '1', NULL, '2021-07-16 05:48:19', '2021-07-16 05:48:19', 71, 'R', 0),
(119, 16211110, '2', '3', '996', '2021-07-16', '1', '1', NULL, '2021-07-16 06:10:10', '2021-07-16 06:20:15', 71, 'R', 1),
(120, 16211259, '2', '3', '996', '2021-07-16', '1', '1', NULL, '2021-07-16 06:44:59', '2021-07-16 06:44:59', 71, 'P', 0),
(121, 16211211, '2', '3', '996', '2021-07-16', '1', '1', NULL, '2021-07-16 06:45:11', '2021-07-16 06:45:11', 71, 'P', 0),
(122, 16211205, '2', '3', '996', '2021-07-16', '1', '1', NULL, '2021-07-16 06:46:05', '2021-07-16 08:53:33', 71, 'P', 1),
(123, 16211621, '2', '3', '777', '2021-07-16', '1', '1', NULL, '2021-07-16 10:35:21', '2021-07-16 10:40:49', 76, 'R', 1),
(124, 16211614, '2', '3', '777', '2021-07-16', '1', '1', NULL, '2021-07-16 10:57:14', '2021-07-16 10:58:57', 76, 'R', 1),
(125, 16211606, '2', '3', '2252', '2021-07-16', '1', '1', NULL, '2021-07-16 11:24:06', '2021-07-16 11:24:21', 77, 'R', 1),
(126, 16211654, '2', '3', '2252', '2021-07-16', '1', '1', NULL, '2021-07-16 11:24:54', '2021-07-16 11:25:27', 77, 'P', 1),
(127, 16211706, '2', '3', '96', '2021-07-16', '1', '1', NULL, '2021-07-16 12:13:06', '2021-07-16 12:13:26', 78, 'R', 1),
(128, 16211731, '2', '3', '96', '2021-07-16', '1', '1', NULL, '2021-07-16 12:14:31', '2021-07-16 12:14:56', 78, 'P', 1),
(129, 16211736, '2', '3', '96', '2021-07-16', '1', '1', NULL, '2021-07-16 12:22:36', '2021-07-16 12:31:13', 78, 'P', 1),
(130, 16211806, '2', '3', '7845', '2021-07-16', '1', '1', NULL, '2021-07-16 12:34:06', '2021-07-16 12:34:32', 79, 'R', 1),
(131, 16211814, '2', '3', '7845', '2021-07-16', '1', '1', NULL, '2021-07-16 12:44:14', '2021-07-16 12:44:14', 79, 'P', 0),
(132, 16211845, '2', '3', '9852', '2021-07-16', '1', '1', NULL, '2021-07-16 12:47:45', '2021-07-16 12:47:45', 80, 'R', 0),
(133, 16211839, '2', '3', '3698', '2021-07-16', '1', '1', NULL, '2021-07-16 12:49:39', '2021-07-16 12:49:39', 81, 'R', 0),
(134, 16211804, '2', '3', '2302', '2021-07-16', '1', '1', NULL, '2021-07-16 12:52:04', '2021-07-16 12:52:04', 82, 'R', 0),
(135, 16211830, '2', '3', '2302', '2021-07-16', '1', '1', NULL, '2021-07-16 13:15:30', '2021-07-20 09:48:21', 82, 'P', 1),
(136, 16211916, '2', '3', '2589', '2021-07-16', '1', '1', NULL, '2021-07-16 13:45:16', '2021-07-16 13:45:16', 83, 'R', 0),
(137, 16211946, '2', '3', '2589', '2021-07-16', '1', '1', NULL, '2021-07-16 13:45:46', '2021-07-16 13:45:46', 83, 'P', 0),
(138, 19211301, '2', '3', '6479', '2021-07-19', '1', '1', NULL, '2021-07-19 08:27:01', '2021-07-19 08:28:12', 84, 'R', 1),
(139, 19211453, '2', '3', '6479', '2021-07-19', '1', '1', NULL, '2021-07-19 08:35:53', '2021-07-19 08:38:24', 84, 'R', 1),
(140, 19211422, '2', '3', '6479', '2021-07-19', '1', '1', NULL, '2021-07-19 09:10:22', '2021-07-19 09:11:34', 84, 'P', 1),
(141, 19211535, '2', '3', '55555', '2021-07-19', '1', '1', NULL, '2021-07-19 10:08:35', '2021-07-19 10:08:35', 85, 'R', 0),
(142, 19211641, '2', '3', '59', '2021-07-19', '1', '1', NULL, '2021-07-19 10:34:41', '2021-07-19 10:35:43', 86, 'R', 1),
(143, 19211606, '2', '3', '59', '2021-07-19', '1', '1', NULL, '2021-07-19 10:45:06', '2021-07-19 10:45:06', 86, 'P', 0),
(144, 19211659, '2', '3', '5656', '2021-07-19', '1', '1', NULL, '2021-07-19 10:52:59', '2021-07-19 10:52:59', 87, 'R', 0),
(145, 19211627, '2', '3', '6565', '2021-07-19', '1', '1', NULL, '2021-07-19 10:54:27', '2021-07-19 10:54:27', 88, 'R', 0),
(146, 19211656, '2', '3', '6565', '2021-07-19', '1', '1', NULL, '2021-07-19 10:54:56', '2021-07-19 10:54:56', 88, 'R', 0),
(147, 20211018, '2', '3', '666666', '2021-07-20', '1', '1', NULL, '2021-07-20 04:50:18', '2021-07-20 04:56:24', 89, 'R', 1),
(148, 20211033, '2', '3', '666666', '2021-07-20', '1', '1', NULL, '2021-07-20 05:02:33', '2021-07-20 11:09:32', 89, 'R', 1),
(149, 20211136, '2', '3', '1105', '2021-07-20', '1', '1', NULL, '2021-07-20 05:37:36', '2021-07-20 05:38:02', 90, 'R', 1),
(150, 20211213, '2', '3', '1105', '2021-07-20', '1', '1', NULL, '2021-07-20 06:32:13', '2021-07-20 09:34:45', 90, 'P', 1),
(151, 20211258, '2', '3', '5530', '2021-07-20', '1', '1', NULL, '2021-07-20 06:34:58', '2021-07-20 06:35:22', 91, 'R', 1),
(152, 20211251, '2', '3', '5530', '2021-07-20', '1', '1', NULL, '2021-07-20 06:35:51', '2021-07-20 06:36:34', 91, 'P', 1),
(153, 20211336, '2', '3', '1297', '2021-07-20', '1', '1', NULL, '2021-07-20 08:21:36', '2021-07-20 08:22:13', 92, 'R', 1),
(154, 20211358, '2', '3', '1297', '2021-07-20', '1', '1', NULL, '2021-07-20 08:22:58', '2021-07-20 09:17:20', 92, 'P', 1),
(155, 20211507, '2', '3', '2258', '2021-07-20', '1', '1', NULL, '2021-07-20 10:26:07', '2021-07-20 10:26:36', 93, 'R', 1),
(156, 20211606, '2', '3', '2258', '2021-07-20', '1', '1', NULL, '2021-07-20 11:02:06', '2021-07-20 11:03:24', 93, 'P', 1),
(157, 20211620, '2', '3', '2564', '2021-07-20', '1', '1', NULL, '2021-07-20 11:20:20', '2021-07-20 11:20:44', 94, 'R', 1),
(158, 20211655, '2', '3', '2564', '2021-07-20', '1', '1', NULL, '2021-07-20 11:22:55', '2021-07-20 11:23:18', 94, 'P', 1),
(159, 20211609, '2', '3', '362', '2021-07-20', '1', '1', NULL, '2021-07-20 11:25:09', '2021-07-20 11:26:25', 95, 'R', 1),
(160, 20211604, '2', '3', '362', '2021-07-20', '1', '1', NULL, '2021-07-20 11:27:04', '2021-07-20 11:28:03', 95, 'P', 1),
(161, 20211740, '2', '3', '698', '2021-07-20', '1', '1', NULL, '2021-07-20 11:33:40', '2021-07-20 11:34:04', 96, 'R', 1),
(162, 20211737, '2', '3', '698', '2021-07-20', '1', '1', NULL, '2021-07-20 11:34:37', '2021-07-20 11:35:27', 96, 'P', 1),
(163, 20211705, '2', '3', '5878', '2021-07-20', '1', '1', NULL, '2021-07-20 11:50:05', '2021-07-20 11:50:24', 97, 'R', 1),
(164, 20211750, '2', '3', '5878', '2021-07-20', '1', '1', NULL, '2021-07-20 11:50:50', '2021-07-20 11:51:21', 97, 'P', 1),
(165, 20211757, '2', '3', '8888', '2021-07-20', '1', '1', NULL, '2021-07-20 12:05:57', '2021-07-20 12:06:13', 98, 'R', 1),
(166, 20211752, '2', '3', '8888', '2021-07-20', '1', '1', NULL, '2021-07-20 12:06:52', '2021-07-20 12:07:17', 98, 'P', 1);

-- --------------------------------------------------------

--
-- Table structure for table `party_master`
--

CREATE TABLE `party_master` (
  `id` int(11) NOT NULL,
  `company_name` varchar(255) COLLATE utf8mb4_unicode_ci DEFAULT NULL,
  `mobileno` varchar(255) COLLATE utf8mb4_unicode_ci DEFAULT NULL,
  `address` varchar(255) COLLATE utf8mb4_unicode_ci DEFAULT NULL,
  `cp_name` varchar(255) COLLATE utf8mb4_unicode_ci DEFAULT NULL,
  `created_at` timestamp NULL DEFAULT NULL,
  `updated_at` timestamp NULL DEFAULT NULL
) ENGINE=InnoDB DEFAULT CHARSET=utf8mb4 COLLATE=utf8mb4_unicode_ci;

-- --------------------------------------------------------

--
-- Table structure for table `password_resets`
--

CREATE TABLE `password_resets` (
  `email` varchar(255) COLLATE utf8mb4_unicode_ci NOT NULL,
  `token` varchar(255) COLLATE utf8mb4_unicode_ci NOT NULL,
  `created_at` timestamp NULL DEFAULT NULL
) ENGINE=InnoDB DEFAULT CHARSET=utf8mb4 COLLATE=utf8mb4_unicode_ci;

-- --------------------------------------------------------

--
-- Table structure for table `process_lots`
--

CREATE TABLE `process_lots` (
  `id` int(15) NOT NULL,
  `qty` int(15) DEFAULT NULL,
  `temp` int(15) DEFAULT NULL,
  `stratTime` int(15) DEFAULT NULL,
  `endTime` int(15) DEFAULT NULL,
  `doneby` varchar(255) DEFAULT NULL,
  `lot_id` int(11) DEFAULT NULL,
  `process_id` int(11) DEFAULT NULL,
  `created_at` timestamp NULL DEFAULT NULL,
  `updated_at` timestamp NULL DEFAULT NULL
) ENGINE=InnoDB DEFAULT CHARSET=utf8mb4;

--
-- Dumping data for table `process_lots`
--

INSERT INTO `process_lots` (`id`, `qty`, `temp`, `stratTime`, `endTime`, `doneby`, `lot_id`, `process_id`, `created_at`, `updated_at`) VALUES
(1, 5, 5, 5, 55, 'm', 28, NULL, '2021-07-09 12:02:05', '2021-07-09 12:02:05'),
(2, 2, 2, 2, 2, 'p', 28, NULL, '2021-07-09 12:02:06', '2021-07-09 12:02:06'),
(3, 3, 3, 3, 3, 'l', 28, NULL, '2021-07-09 12:02:06', '2021-07-09 12:02:06'),
(4, 4, 4, 4, 4, 'o', 28, NULL, '2021-07-09 12:02:06', '2021-07-09 12:02:06'),
(5, 5, 5, 5, 5, 'm', 29, NULL, '2021-07-09 12:08:31', '2021-07-09 12:08:31'),
(6, 2, 2, 2, 2, 'p', 29, NULL, '2021-07-09 12:08:31', '2021-07-09 12:08:31'),
(7, 3, 3, 3, 3, 'l', 29, NULL, '2021-07-09 12:08:31', '2021-07-09 12:08:31'),
(8, 4, 4, 4, 4, 'o', 29, NULL, '2021-07-09 12:08:31', '2021-07-09 12:08:31'),
(9, 5, 5, 5, 5, 'm', 30, NULL, '2021-07-09 12:10:37', '2021-07-09 12:10:37'),
(10, 2, 2, 2, 2, 'p', 30, NULL, '2021-07-09 12:10:37', '2021-07-09 12:10:37'),
(11, 3, 3, 3, 3, 'l', 30, NULL, '2021-07-09 12:10:37', '2021-07-09 12:10:37'),
(12, 4, 4, 4, 4, 'o', 30, NULL, '2021-07-09 12:10:37', '2021-07-09 12:10:37'),
(13, 1, 1, 1, 1, 'm', 31, NULL, '2021-07-09 12:14:45', '2021-07-09 12:14:45'),
(14, 2, 2, 2, 2, 'p', 31, NULL, '2021-07-09 12:14:45', '2021-07-09 12:14:45'),
(15, 3, 3, 3, 3, 'l', 31, NULL, '2021-07-09 12:14:45', '2021-07-09 12:14:45'),
(16, 4, 44, 4, 4, 'o', 31, NULL, '2021-07-09 12:14:45', '2021-07-09 12:14:45'),
(17, 5, 5, 5, 5, 'y', 31, NULL, '2021-07-09 12:14:45', '2021-07-09 12:14:45'),
(18, 1, 1, 11, 1, 'E', 32, NULL, '2021-07-09 12:18:16', '2021-07-09 12:18:16'),
(19, 2, 22, 2, 22, 'm', 32, NULL, '2021-07-09 12:18:16', '2021-07-09 12:18:16'),
(20, 3, 33, 3, 3, 'p', 32, NULL, '2021-07-09 12:18:16', '2021-07-09 12:18:16'),
(21, 4, 44, 4, 44, 'l', 32, NULL, '2021-07-09 12:18:16', '2021-07-09 12:18:16'),
(22, 55, 5, 5, 5, 'o', 32, NULL, '2021-07-09 12:18:16', '2021-07-09 12:18:16'),
(24, 1, 1, 11, 1, 'm', 34, 2, '2021-07-09 12:32:41', '2021-07-09 12:32:41'),
(25, 1, 1, 1, 1, 'p', 34, 3, '2021-07-09 12:32:41', '2021-07-09 12:32:41'),
(26, 1, 1, 11, 1, 'l', 34, 4, '2021-07-09 12:32:41', '2021-07-09 12:32:41'),
(27, 1, 1, 1, 1, 'o', 34, 5, '2021-07-09 12:32:41', '2021-07-09 12:32:41'),
(29, 1, 1, 11, 1, 'm', 35, 2, '2021-07-09 12:36:45', '2021-07-09 12:36:45'),
(30, 1, 1, 11, 1, 'p', 35, 3, '2021-07-09 12:36:45', '2021-07-09 12:36:45'),
(31, 1, 1, 11, 1, 'l', 35, 4, '2021-07-09 12:36:45', '2021-07-09 12:36:45'),
(32, 1, 1, 11, 1, 'o', 35, 5, '2021-07-09 12:36:45', '2021-07-09 12:36:45'),
(34, 1, 1, 11, 1, 'm', 36, 2, '2021-07-09 12:37:59', '2021-07-09 12:37:59'),
(35, 1, 1, 11, 1, 'p', 36, 3, '2021-07-09 12:37:59', '2021-07-09 12:37:59'),
(36, 1, 1, 11, 1, 'l', 36, 4, '2021-07-09 12:37:59', '2021-07-09 12:37:59'),
(37, 1, 1, 11, 1, 'o', 36, 5, '2021-07-09 12:37:59', '2021-07-09 12:37:59'),
(39, 1, 1, 11, 1, 'm', 37, 2, '2021-07-09 12:39:55', '2021-07-09 12:39:55'),
(40, 1, 1, 11, 1, 'p', 37, 3, '2021-07-09 12:39:55', '2021-07-09 12:39:55'),
(41, 1, 1, 11, 1, 'l', 37, 4, '2021-07-09 12:39:55', '2021-07-09 12:39:55'),
(42, 1, 1, 11, 1, 'o', 37, 5, '2021-07-09 12:39:55', '2021-07-09 12:39:55'),
(44, 1, 1, 11, 1, 'm', 38, 2, '2021-07-09 12:40:36', '2021-07-09 12:40:36'),
(45, 1, 1, 11, 1, 'p', 38, 3, '2021-07-09 12:40:36', '2021-07-09 12:40:36'),
(46, 1, 1, 11, 1, 'l', 38, 4, '2021-07-09 12:40:36', '2021-07-09 12:40:36'),
(47, 1, 1, 11, 1, 'o', 38, 5, '2021-07-09 12:40:36', '2021-07-09 12:40:36'),
(49, 1, 1, 11, 1, 'm', 39, 2, '2021-07-09 12:47:54', '2021-07-09 12:47:54'),
(50, 1, 1, 11, 1, 'p', 39, 3, '2021-07-09 12:47:54', '2021-07-09 12:47:54'),
(51, 1, 1, 11, 1, 'l', 39, 4, '2021-07-09 12:47:54', '2021-07-09 12:47:54'),
(52, 1, 1, 11, 1, 'o', 39, 5, '2021-07-09 12:47:54', '2021-07-09 12:47:54'),
(54, 1, 1, 11, 1, 'm', 40, 2, '2021-07-09 12:49:30', '2021-07-09 12:49:30'),
(55, 1, 1, 11, 1, 'p', 40, 3, '2021-07-09 12:49:30', '2021-07-09 12:49:30'),
(56, 1, 1, 11, 1, 'l', 40, 4, '2021-07-09 12:49:30', '2021-07-09 12:49:30'),
(57, 1, 1, 11, 1, 'o', 40, 5, '2021-07-09 12:49:30', '2021-07-09 12:49:30'),
(58, 1, 1, 1, 1, '1', 41, 1, '2021-07-13 10:54:57', '2021-07-13 10:54:57'),
(59, 1, 1, 1, 1, '1', 41, 2, '2021-07-13 10:54:57', '2021-07-13 10:54:57'),
(60, 1, 11, 1, 1, '1', 41, 3, '2021-07-13 10:54:57', '2021-07-13 10:54:57'),
(61, 1, 1, 1, 1, '1', 41, 4, '2021-07-13 10:54:58', '2021-07-13 10:54:58'),
(62, 1, 1, 11, 1, '1', 41, 5, '2021-07-13 10:54:58', '2021-07-13 10:54:58'),
(63, 1, 1, 1, 1, '1', 42, 1, '2021-07-13 11:02:28', '2021-07-13 11:02:28'),
(64, 1, 1, 1, 1, '1', 42, 2, '2021-07-13 11:02:28', '2021-07-13 11:02:28'),
(65, 1, 1, 1, 1, '1', 42, 3, '2021-07-13 11:02:28', '2021-07-13 11:02:28'),
(66, 1, 1, 1, 1, '1', 42, 4, '2021-07-13 11:02:28', '2021-07-13 11:02:28'),
(67, 1, 1, 1, 1, '1', 42, 5, '2021-07-13 11:02:28', '2021-07-13 11:02:28'),
(68, 5, 5, 5, 55, '1', 52, 1, '2021-07-14 05:24:04', '2021-07-14 05:24:04'),
(69, 5, 5, 5, 5, '1', 52, 2, '2021-07-14 05:24:05', '2021-07-14 05:24:05'),
(70, 55, 5, 55, 5, '1', 52, 3, '2021-07-14 05:24:05', '2021-07-14 05:24:05'),
(71, 5, 5, 5, 5, '1', 52, 4, '2021-07-14 05:24:05', '2021-07-14 05:24:05'),
(72, 5, 5, 55, 5, '1', 52, 5, '2021-07-14 05:24:05', '2021-07-14 05:24:05'),
(73, 2, 37, 15, 20, '1', 53, 1, '2021-07-15 05:11:37', '2021-07-15 05:11:37'),
(74, 2, 37, 15, 20, '1', 53, 2, '2021-07-15 05:11:37', '2021-07-15 05:11:37'),
(75, 2, 37, 15, 20, '1', 53, 3, '2021-07-15 05:11:37', '2021-07-15 05:11:37'),
(76, 2, 37, 15, 20, '1', 53, 4, '2021-07-15 05:11:37', '2021-07-15 05:11:37'),
(77, 2, 37, 15, 20, '1', 53, 5, '2021-07-15 05:11:37', '2021-07-15 05:11:37'),
(78, 40, 100, 10, 15, '1', 54, 1, '2021-07-15 06:23:14', '2021-07-15 06:23:14'),
(79, 40, 100, 10, 15, '1', 54, 2, '2021-07-15 06:23:14', '2021-07-15 06:23:14'),
(80, 40, 100, 10, 15, '1', 54, 3, '2021-07-15 06:23:14', '2021-07-15 06:23:14'),
(81, 40, 100, 10, 15, '1', 54, 4, '2021-07-15 06:23:14', '2021-07-15 06:23:14'),
(82, 40, 100, 10, 15, '1', 54, 5, '2021-07-15 06:23:14', '2021-07-15 06:23:14'),
(83, 1, 1, 1, 1, '1', 55, 1, '2021-07-16 13:49:36', '2021-07-16 13:49:36'),
(84, 1, 1, 1, 1, '1', 55, 2, '2021-07-16 13:49:36', '2021-07-16 13:49:36'),
(85, 1, 1, 1, 1, '1', 55, 3, '2021-07-16 13:49:36', '2021-07-16 13:49:36'),
(86, 1, 1, 1, 1, '1', 55, 4, '2021-07-16 13:49:36', '2021-07-16 13:49:36'),
(87, 1, 1, 1, 1, '1', 55, 5, '2021-07-16 13:49:36', '2021-07-16 13:49:36'),
(88, 5, 5, 5, 5, '1', 57, 1, '2021-07-16 13:50:24', '2021-07-16 13:50:24'),
(89, 5, 5, 5, 5, '1', 57, 2, '2021-07-16 13:50:24', '2021-07-16 13:50:24'),
(90, 5, 5, 5, 5, '1', 57, 3, '2021-07-16 13:50:24', '2021-07-16 13:50:24'),
(91, 5, 5, 5, 5, '1', 57, 4, '2021-07-16 13:50:24', '2021-07-16 13:50:24'),
(92, 5, 5, 5, 5, '1', 57, 5, '2021-07-16 13:50:24', '2021-07-16 13:50:24'),
(93, 2, 2, 2, 2, '1', 58, 1, '2021-07-19 09:18:26', '2021-07-19 09:18:26'),
(94, 2, 2, 2, 2, '1', 58, 2, '2021-07-19 09:18:26', '2021-07-19 09:18:26'),
(95, 2, 2, 2, 2, '1', 58, 3, '2021-07-19 09:18:26', '2021-07-19 09:18:26'),
(96, 2, 2, 2, 2, '1', 58, 4, '2021-07-19 09:18:26', '2021-07-19 09:18:26'),
(97, 2, 2, 2, 2, '1', 58, 5, '2021-07-19 09:18:26', '2021-07-19 09:18:26'),
(98, 5, 5, 5, 5, '1', 59, 1, '2021-07-19 09:21:05', '2021-07-19 09:21:05'),
(99, 5, 5, 5, 5, '1', 59, 2, '2021-07-19 09:21:05', '2021-07-19 09:21:05'),
(100, 5, 5, 5, 5, '1', 59, 3, '2021-07-19 09:21:05', '2021-07-19 09:21:05'),
(101, 5, 5, 5, 5, '1', 59, 4, '2021-07-19 09:21:05', '2021-07-19 09:21:05'),
(102, 5, 5, 5, 5, '1', 59, 5, '2021-07-19 09:21:05', '2021-07-19 09:21:05'),
(103, 3, 3, 3, 3, '1', 60, 1, '2021-07-19 09:28:13', '2021-07-19 09:28:13'),
(104, 3, 3, 3, 3, '1', 60, 2, '2021-07-19 09:28:13', '2021-07-19 09:28:13'),
(105, 3, 3, 3, 3, '1', 60, 3, '2021-07-19 09:28:13', '2021-07-19 09:28:13'),
(106, 3, 3, 3, 3, '1', 60, 4, '2021-07-19 09:28:13', '2021-07-19 09:28:13'),
(107, 3, 3, 3, 3, '1', 60, 5, '2021-07-19 09:28:13', '2021-07-19 09:28:13'),
(108, 1, 1, 1, 1, '1', 61, 1, '2021-07-19 09:30:35', '2021-07-19 09:30:35'),
(109, 1, 1, 1, 1, '1', 61, 2, '2021-07-19 09:30:35', '2021-07-19 09:30:35'),
(110, 11, 1, 1, 1, '1', 61, 3, '2021-07-19 09:30:35', '2021-07-19 09:30:35'),
(111, 1, 1, 1, 1, '1', 61, 4, '2021-07-19 09:30:35', '2021-07-19 09:30:35'),
(112, 1, 1, 11, 1, '1', 61, 5, '2021-07-19 09:30:35', '2021-07-19 09:30:35'),
(113, 2, 2, 2, 22, '1', 62, 1, '2021-07-19 09:32:02', '2021-07-19 09:32:02'),
(114, 2, 2, 22, 2, '1', 62, 2, '2021-07-19 09:32:02', '2021-07-19 09:32:02'),
(115, 2, 2, 2, 2, '1', 62, 3, '2021-07-19 09:32:02', '2021-07-19 09:32:02'),
(116, 2, 2, 2, 2, '1', 62, 4, '2021-07-19 09:32:02', '2021-07-19 09:32:02'),
(117, 2, 2, 2, 22, '1', 62, 5, '2021-07-19 09:32:02', '2021-07-19 09:32:02'),
(118, 3, 3, 3, 3, '1', 63, 1, '2021-07-19 09:33:07', '2021-07-19 09:33:07'),
(119, 3, 3, 3, 3, '1', 63, 2, '2021-07-19 09:33:07', '2021-07-19 09:33:07'),
(120, 3, 3, 3, 3, '1', 63, 3, '2021-07-19 09:33:07', '2021-07-19 09:33:07'),
(121, 3, 3, 3, 3, '1', 63, 4, '2021-07-19 09:33:07', '2021-07-19 09:33:07'),
(122, 3, 3, 3, 3, '1', 63, 5, '2021-07-19 09:33:07', '2021-07-19 09:33:07'),
(123, 5, 1, 2, 3, '1', 64, 1, '2021-07-20 07:45:43', '2021-07-20 07:45:43'),
(124, 4, 1, 2, 5, '1', 64, 2, '2021-07-20 07:45:43', '2021-07-20 07:45:43'),
(125, 2, 1, 5, 4, '1', 64, 3, '2021-07-20 07:45:43', '2021-07-20 07:45:43'),
(126, 8, 8, 5, 6, '1', 64, 4, '2021-07-20 07:45:43', '2021-07-20 07:45:43'),
(127, 3, 6, 9, 5, '1', 64, 5, '2021-07-20 07:45:43', '2021-07-20 07:45:43'),
(128, 6, 6, 5, 2, '1', 65, 1, '2021-07-20 07:46:57', '2021-07-20 07:46:57'),
(129, 1, 2, 5, 2, '1', 65, 2, '2021-07-20 07:46:57', '2021-07-20 07:46:57'),
(130, 2, 2, 5, 9, '1', 65, 3, '2021-07-20 07:46:57', '2021-07-20 07:46:57'),
(131, 3, 6, 5, 1, '1', 65, 4, '2021-07-20 07:46:57', '2021-07-20 07:46:57'),
(132, 2, 4, 5, 3, '1', 65, 5, '2021-07-20 07:46:57', '2021-07-20 07:46:57'),
(133, 2, 5, 3, 6, '1', 66, 1, '2021-07-20 11:31:35', '2021-07-20 11:31:35'),
(134, 2, 4, 5, 2, '1', 66, 2, '2021-07-20 11:31:35', '2021-07-20 11:31:35'),
(135, 2, 5, 6, 3, '1', 66, 3, '2021-07-20 11:31:35', '2021-07-20 11:31:35'),
(136, 9, 5, 8, 4, '1', 66, 4, '2021-07-20 11:31:35', '2021-07-20 11:31:35'),
(137, 1, 2, 3, 6, '1', 66, 5, '2021-07-20 11:31:35', '2021-07-20 11:31:35'),
(138, 5, 6, 9, 6, '1', 67, 1, '2021-07-20 11:32:00', '2021-07-20 11:32:00'),
(139, 8, 5, 4, 1, '1', 67, 2, '2021-07-20 11:32:00', '2021-07-20 11:32:00'),
(140, 6, 3, 23, 2, '1', 67, 3, '2021-07-20 11:32:00', '2021-07-20 11:32:00'),
(141, 2, 2, 3, 6, '1', 67, 4, '2021-07-20 11:32:00', '2021-07-20 11:32:00'),
(142, 9, 5, 8, 6, '1', 67, 5, '2021-07-20 11:32:00', '2021-07-20 11:32:00'),
(143, 2, 56, 2, 3, '1', 68, 1, '2021-07-20 11:32:18', '2021-07-20 11:32:18'),
(144, 1, 2, 5, 1, '1', 68, 2, '2021-07-20 11:32:18', '2021-07-20 11:32:18'),
(145, 3, 6, 2, 5, '1', 68, 3, '2021-07-20 11:32:18', '2021-07-20 11:32:18'),
(146, 6, 2, 5, 36, '1', 68, 4, '2021-07-20 11:32:18', '2021-07-20 11:32:18'),
(147, 53, 6, 2, 45, '1', 68, 5, '2021-07-20 11:32:18', '2021-07-20 11:32:18'),
(148, 6, 3, 6, 3, '1', 69, 1, '2021-07-20 11:36:48', '2021-07-20 11:36:48'),
(149, 3, 6, 3, 6, '1', 69, 2, '2021-07-20 11:36:48', '2021-07-20 11:36:48'),
(150, 6, 3, 6, 3, '1', 69, 3, '2021-07-20 11:36:48', '2021-07-20 11:36:48'),
(151, 3, 6, 3, 6, '1', 69, 4, '2021-07-20 11:36:48', '2021-07-20 11:36:48'),
(152, 6, 3, 6, 3, '1', 69, 5, '2021-07-20 11:36:48', '2021-07-20 11:36:48'),
(153, 9, 8, 5, 4, '1', 70, 1, '2021-07-20 11:37:11', '2021-07-20 11:37:11'),
(154, 6, 2, 5, 3, '1', 70, 2, '2021-07-20 11:37:11', '2021-07-20 11:37:11'),
(155, 2, 5, 2, 5, '1', 70, 3, '2021-07-20 11:37:11', '2021-07-20 11:37:11'),
(156, 1, 5, 5, 2, '1', 70, 4, '2021-07-20 11:37:11', '2021-07-20 11:37:11'),
(157, 52, 6, 2, 5, '1', 70, 5, '2021-07-20 11:37:11', '2021-07-20 11:37:11'),
(158, 10, 2, 5, 6, '1', 71, 1, '2021-07-20 11:52:00', '2021-07-20 11:52:00'),
(159, 8, 5, 4, 5, '1', 71, 2, '2021-07-20 11:52:00', '2021-07-20 11:52:00'),
(160, 2, 6, 6, 3, '1', 71, 3, '2021-07-20 11:52:00', '2021-07-20 11:52:00'),
(161, 2, 5, 4, 1, '1', 71, 4, '2021-07-20 11:52:00', '2021-07-20 11:52:00'),
(162, 5, 6, 3, 2, '1', 71, 5, '2021-07-20 11:52:00', '2021-07-20 11:52:00'),
(163, 5, 5, 6, 3, '1', 72, 1, '2021-07-20 11:52:26', '2021-07-20 11:52:26'),
(164, 1, 5, 2, 4, '1', 72, 2, '2021-07-20 11:52:26', '2021-07-20 11:52:26'),
(165, 5, 6, 3, 2, '1', 72, 3, '2021-07-20 11:52:26', '2021-07-20 11:52:26'),
(166, 1, 2, 5, 1, '1', 72, 4, '2021-07-20 11:52:26', '2021-07-20 11:52:26'),
(167, 3, 2, 5, 3, '1', 72, 5, '2021-07-20 11:52:26', '2021-07-20 11:52:26'),
(168, 2, 9, 5, 8, '1', 73, 1, '2021-07-20 12:07:58', '2021-07-20 12:07:58'),
(169, 6, 1, 2, 3, '1', 73, 2, '2021-07-20 12:07:58', '2021-07-20 12:07:58'),
(170, 2, 1, 58, 6, '1', 73, 3, '2021-07-20 12:07:58', '2021-07-20 12:07:58'),
(171, 3, 6, 2, 1, '1', 73, 4, '2021-07-20 12:07:58', '2021-07-20 12:07:58'),
(172, 5, 2, 3, 6, '1', 73, 5, '2021-07-20 12:07:58', '2021-07-20 12:07:58'),
(173, 5, 6, 2, 3, '1', 74, 1, '2021-07-20 12:08:18', '2021-07-20 12:08:18'),
(174, 2, 5, 3, 6, '1', 74, 2, '2021-07-20 12:08:18', '2021-07-20 12:08:18'),
(175, 5, 1, 4, 5, '1', 74, 3, '2021-07-20 12:08:18', '2021-07-20 12:08:18'),
(176, 6, 3, 2, 5, '1', 74, 4, '2021-07-20 12:08:18', '2021-07-20 12:08:18'),
(177, 4, 8, 3, 2, '1', 74, 5, '2021-07-20 12:08:18', '2021-07-20 12:08:18');

-- --------------------------------------------------------

--
-- Table structure for table `quality_controll_check`
--

CREATE TABLE `quality_controll_check` (
  `id` int(11) NOT NULL,
  `quantity_approved` int(11) DEFAULT NULL,
  `quantity_rejected` int(11) DEFAULT NULL,
  `quantity_status` varchar(255) COLLATE utf8mb4_unicode_ci DEFAULT NULL,
  `date_of_approval` varchar(255) COLLATE utf8mb4_unicode_ci DEFAULT NULL,
  `remark` text COLLATE utf8mb4_unicode_ci DEFAULT NULL,
  `created_at` timestamp NULL DEFAULT current_timestamp(),
  `updated_at` timestamp NULL DEFAULT current_timestamp(),
  `inward_material_id` int(11) DEFAULT NULL,
  `inward_material_item_id` int(11) DEFAULT NULL,
  `raw_material_id` int(11) DEFAULT NULL,
  `total_qty` varchar(255) COLLATE utf8mb4_unicode_ci DEFAULT NULL,
  `ar_no` varchar(255) COLLATE utf8mb4_unicode_ci DEFAULT NULL,
  `checked_by` int(11) DEFAULT NULL
) ENGINE=InnoDB DEFAULT CHARSET=utf8mb4 COLLATE=utf8mb4_unicode_ci;

--
-- Dumping data for table `quality_controll_check`
--

INSERT INTO `quality_controll_check` (`id`, `quantity_approved`, `quantity_rejected`, `quantity_status`, `date_of_approval`, `remark`, `created_at`, `updated_at`, `inward_material_id`, `inward_material_item_id`, `raw_material_id`, `total_qty`, `ar_no`, `checked_by`) VALUES
(7, 150, 150, 'Approved', '2021-05-24', NULL, '2021-05-24 16:17:58', '2021-05-24 16:17:58', 18, 13, 15, '150', '123456', NULL);

-- --------------------------------------------------------

--
-- Table structure for table `raw_materials`
--

CREATE TABLE `raw_materials` (
  `id` bigint(20) UNSIGNED NOT NULL,
  `material_name` varchar(255) COLLATE utf8mb4_unicode_ci NOT NULL,
  `material_mesurment` int(11) NOT NULL,
  `material_type` char(1) COLLATE utf8mb4_unicode_ci DEFAULT NULL COMMENT 'P-packing material\r\nR- Raw Material\r\nF- Finish Good',
  `material_stock` double NOT NULL,
  `material_preorder_stock` int(11) NOT NULL,
  `expiry_date` varchar(20) COLLATE utf8mb4_unicode_ci NOT NULL,
  `rio_expiry_date` varchar(20) COLLATE utf8mb4_unicode_ci NOT NULL,
  `man_date` varchar(20) COLLATE utf8mb4_unicode_ci NOT NULL,
  `created_at` timestamp NULL DEFAULT NULL,
  `updated_at` timestamp NULL DEFAULT NULL
) ENGINE=InnoDB DEFAULT CHARSET=utf8mb4 COLLATE=utf8mb4_unicode_ci;

--
-- Dumping data for table `raw_materials`
--

INSERT INTO `raw_materials` (`id`, `material_name`, `material_mesurment`, `material_type`, `material_stock`, `material_preorder_stock`, `expiry_date`, `rio_expiry_date`, `man_date`, `created_at`, `updated_at`) VALUES
(9, 'Polydimethyl Siloxane', 1, 'R', 0, 5000, '', '', '', '2021-05-24 15:02:32', '2021-05-24 15:02:32'),
(10, 'Polydimethyl Siloxane 1000 cSt', 1, 'R', 0, 5000, '', '', '', '2021-05-24 15:03:48', '2021-05-24 15:03:48'),
(11, 'Polydimethyl Siloxane 100 cSt', 1, 'R', 0, 2000, '', '', '', '2021-05-24 15:04:48', '2021-05-24 15:04:48'),
(12, 'Polydimethyl Siloxane 350 cSt', 1, 'R', 0, 2000, '', '', '', '2021-05-24 15:05:15', '2021-05-24 15:05:15'),
(13, 'Polydimethyl Siloxane 20 cSt', 1, 'R', 0, 2000, '', '', '', '2021-05-24 15:06:42', '2021-05-24 15:06:42'),
(14, 'Fumed Silica (Colloidalsilcondioxide)', 1, 'R', 0, 2000, '', '', '', '2021-05-24 15:12:16', '2021-05-24 15:12:16'),
(15, 'Dibasic Calcium Phosphate', 1, 'R', 15000, 1000, '', '', '', '2021-05-24 15:14:25', '2021-05-24 15:33:32'),
(16, 'Cetosearyl Ethoxylate', 1, 'R', 15, 1000, '', '', '', '2021-05-24 15:15:52', '2021-07-07 04:53:54'),
(17, 'Cetosearyl Alcohol', 1, 'R', 0, 1000, '', '', '', '2021-05-24 15:16:13', '2021-05-24 15:16:13'),
(18, 'S. M.', 1, 'R', 0, 1000, '', '', '', '2021-05-24 15:16:45', '2021-05-24 15:16:45'),
(19, 'C.P. (Calciam Propionate)', 1, 'R', 0, 1000, '', '', '', '2021-05-24 15:19:21', '2021-05-24 15:19:21'),
(20, 'P.S. (Pottasium Sorbate)', 1, 'R', 0, 1000, '', '', '', '2021-05-24 15:19:49', '2021-05-24 15:19:49'),
(21, 'S.B. (Sodium Benzoate)', 1, 'R', 0, 1000, '', '', '', '2021-05-24 15:20:12', '2021-05-24 15:20:12'),
(22, 'Hydrogen Peroxide', 2, 'R', 0, 1000, '', '', '', '2021-05-24 15:20:44', '2021-05-24 15:20:44'),
(23, 'Artho Phospheric Acid', 2, 'R', 20, 1000, '', '', '', '2021-05-24 15:21:20', '2021-05-24 15:28:40'),
(24, 'Silicon Diaoxide (Precipited)', 1, 'R', 0, 1000, '', '', '', '2021-05-24 15:21:50', '2021-05-24 15:21:50'),
(25, 'Fibre Board Drum 25KG', 1, 'P', 315453, 100, '', '', '', '2021-05-24 15:42:22', '2021-07-20 08:25:24'),
(26, 'Fibre Board Drum 50KG', 1, 'P', 0, 100, '', '', '', '2021-05-24 15:43:02', '2021-05-24 15:43:02'),
(27, 'HDPE Drum (210Kg) NM', 1, 'P', 0, 100, '', '', '', '2021-05-24 15:43:41', '2021-05-24 15:43:41'),
(28, 'HDPE Drum (50Kg) NM', 1, 'P', 0, 100, '', '', '', '2021-05-24 15:44:24', '2021-05-24 15:44:24'),
(29, 'HDPE Drum (50Kg) TOM', 1, 'P', 24000, 2000, '', '', '', '2021-05-24 15:44:48', '2021-07-14 09:39:16'),
(30, 'Test', 1, 'F', 20, 20, '', '', '', '2021-06-29 18:22:31', '2021-06-29 18:22:31'),
(31, 'SIMETHICON', 1, 'F', 20, 20, '', '', '', '2021-07-05 17:12:43', '2021-07-05 17:12:43'),
(32, 'PARAM', 1, 'R', 109999, 5, '', '', '', '2021-07-07 06:39:44', '2021-07-14 06:50:41'),
(33, 'PARAm-Product', 1, 'F', 100000, 5, '2021-07-07', '2021-07-07', '', '2021-07-07 08:47:15', '2021-07-07 08:47:15');

-- --------------------------------------------------------

--
-- Table structure for table `roles`
--

CREATE TABLE `roles` (
  `id` int(10) UNSIGNED NOT NULL,
  `role` varchar(255) COLLATE utf8mb4_unicode_ci NOT NULL,
  `publish` tinyint(4) NOT NULL,
  `created_at` timestamp NULL DEFAULT NULL,
  `updated_at` timestamp NULL DEFAULT NULL
) ENGINE=InnoDB DEFAULT CHARSET=utf8mb4 COLLATE=utf8mb4_unicode_ci;

--
-- Dumping data for table `roles`
--

INSERT INTO `roles` (`id`, `role`, `publish`, `created_at`, `updated_at`) VALUES
(1, 'Administrator', 1, '2021-04-21 14:23:49', '2021-04-21 14:23:55'),
(2, 'Warehouse Manager', 1, '2021-05-06 18:23:12', '2021-05-06 18:23:36');

-- --------------------------------------------------------

--
-- Table structure for table `stock`
--

CREATE TABLE `stock` (
  `id` int(11) NOT NULL,
  `matarial_id` int(11) NOT NULL,
  `material_type` char(1) NOT NULL,
  `department` int(11) NOT NULL,
  `qty` double NOT NULL DEFAULT 0,
  `batch_no` varchar(100) DEFAULT NULL,
  `ar_no_date` varchar(100) DEFAULT NULL,
  `create_at` datetime DEFAULT NULL,
  `updated_at` datetime DEFAULT NULL
) ENGINE=InnoDB DEFAULT CHARSET=utf8;

-- --------------------------------------------------------

--
-- Table structure for table `suppliers`
--

CREATE TABLE `suppliers` (
  `id` bigint(20) UNSIGNED NOT NULL,
  `name` varchar(255) COLLATE utf8mb4_unicode_ci NOT NULL,
  `city` varchar(100) COLLATE utf8mb4_unicode_ci NOT NULL,
  `state` varchar(100) COLLATE utf8mb4_unicode_ci NOT NULL,
  `address` text COLLATE utf8mb4_unicode_ci NOT NULL,
  `contact_no` varchar(15) COLLATE utf8mb4_unicode_ci NOT NULL,
  `gst_no` varchar(25) COLLATE utf8mb4_unicode_ci DEFAULT NULL,
  `pan_no` varchar(25) COLLATE utf8mb4_unicode_ci DEFAULT NULL,
  `contact_per_name` varchar(100) COLLATE utf8mb4_unicode_ci NOT NULL,
  `company_name` varchar(100) COLLATE utf8mb4_unicode_ci NOT NULL,
  `publish` tinyint(4) NOT NULL,
  `created_at` timestamp NULL DEFAULT NULL,
  `updated_at` timestamp NULL DEFAULT NULL
) ENGINE=InnoDB DEFAULT CHARSET=utf8mb4 COLLATE=utf8mb4_unicode_ci;

--
-- Dumping data for table `suppliers`
--

INSERT INTO `suppliers` (`id`, `name`, `city`, `state`, `address`, `contact_no`, `gst_no`, `pan_no`, `contact_per_name`, `company_name`, `publish`, `created_at`, `updated_at`) VALUES
(5, 'Shreeji Scientific', 'Navi Mumbai', 'Maharashtra', 'Navi Mumbai', '123456789', NULL, NULL, 'Ganesh Joshi', 'Shreeji Scientific', 1, '2021-05-24 15:25:28', '2021-05-24 15:25:28'),
(6, 'V.N. Pharma', 'Mumbai', 'Maharashtra', 'Mumbai', '1231231234', NULL, NULL, 'VN', 'V.N. Pharma', 1, '2021-05-24 15:31:25', '2021-05-24 15:31:25'),
(7, 'Pyramid Technoplast Pvt. Ltd', 'Silvasa', 'Diu Daman', 'Silvasa', '1231231234', NULL, NULL, 'Contact Person 1', 'Pyramid Technoplast Pvt. Ltd.', 1, '2021-05-24 15:48:08', '2021-05-24 15:48:08');

-- --------------------------------------------------------

--
-- Table structure for table `users`
--

CREATE TABLE `users` (
  `id` int(10) UNSIGNED NOT NULL,
  `name` varchar(255) COLLATE utf8mb4_unicode_ci NOT NULL,
  `email` varchar(255) COLLATE utf8mb4_unicode_ci NOT NULL,
  `email_verified_at` timestamp NULL DEFAULT NULL,
  `password` varchar(255) COLLATE utf8mb4_unicode_ci NOT NULL,
  `department_id` int(10) UNSIGNED NOT NULL,
  `role_id` int(10) UNSIGNED NOT NULL,
  `designation_id` int(10) UNSIGNED NOT NULL,
  `remember_token` varchar(100) COLLATE utf8mb4_unicode_ci DEFAULT NULL,
  `created_at` timestamp NULL DEFAULT NULL,
  `updated_at` timestamp NULL DEFAULT NULL
) ENGINE=InnoDB DEFAULT CHARSET=utf8mb4 COLLATE=utf8mb4_unicode_ci;

--
-- Dumping data for table `users`
--

INSERT INTO `users` (`id`, `name`, `email`, `email_verified_at`, `password`, `department_id`, `role_id`, `designation_id`, `remember_token`, `created_at`, `updated_at`) VALUES
(1, 'Administror', 'admin@admin.com', '2021-04-21 14:24:52', '$2y$12$Mn2J37jFlqk.lGC50cCZ9O4UWfTFfpsFu4qOLUrb3d8JSep4bThvy', 1, 1, 1, 'CisEKQZh5yPsLm196IbEuWrm4DTUGRFiOp8VEljKrWGWXnpPLFalKQ1pQQGe', '2021-04-21 14:25:16', '2021-04-21 14:25:20');

--
-- Indexes for dumped tables
--

--
-- Indexes for table `access_modules`
--
ALTER TABLE `access_modules`
  ADD PRIMARY KEY (`id`),
  ADD KEY `access_modules_user_id_foreign` (`user_id`),
  ADD KEY `access_modules_controller_id_foreign` (`controller_id`),
  ADD KEY `access_modules_action_id_foreign` (`action_id`);

--
-- Indexes for table `actions`
--
ALTER TABLE `actions`
  ADD PRIMARY KEY (`id`);

--
-- Indexes for table `add_batch_manufacture`
--
ALTER TABLE `add_batch_manufacture`
  ADD PRIMARY KEY (`id`);

--
-- Indexes for table `add_lotsl`
--
ALTER TABLE `add_lotsl`
  ADD PRIMARY KEY (`id`);

--
-- Indexes for table `add_lots_raw_material_detail`
--
ALTER TABLE `add_lots_raw_material_detail`
  ADD PRIMARY KEY (`id`);

--
-- Indexes for table `ar_no_master`
--
ALTER TABLE `ar_no_master`
  ADD PRIMARY KEY (`id`);

--
-- Indexes for table `batch_manufacturing_records_line_clearance_record`
--
ALTER TABLE `batch_manufacturing_records_line_clearance_record`
  ADD PRIMARY KEY (`id`);

--
-- Indexes for table `batch_manufacturing_records_list_of_equipment`
--
ALTER TABLE `batch_manufacturing_records_list_of_equipment`
  ADD PRIMARY KEY (`id`);

--
-- Indexes for table `batch_manufacturing_records_packing`
--
ALTER TABLE `batch_manufacturing_records_packing`
  ADD PRIMARY KEY (`id`);

--
-- Indexes for table `bill_of_raw_material`
--
ALTER TABLE `bill_of_raw_material`
  ADD PRIMARY KEY (`id`);

--
-- Indexes for table `bill_of_raw_material_details`
--
ALTER TABLE `bill_of_raw_material_details`
  ADD PRIMARY KEY (`id`);

--
-- Indexes for table `controllers`
--
ALTER TABLE `controllers`
  ADD PRIMARY KEY (`id`);

--
-- Indexes for table `department`
--
ALTER TABLE `department`
  ADD PRIMARY KEY (`id`);

--
-- Indexes for table `designations`
--
ALTER TABLE `designations`
  ADD PRIMARY KEY (`id`);

--
-- Indexes for table `detail_packing_material_requisition`
--
ALTER TABLE `detail_packing_material_requisition`
  ADD PRIMARY KEY (`id`);

--
-- Indexes for table `failed_jobs`
--
ALTER TABLE `failed_jobs`
  ADD PRIMARY KEY (`id`),
  ADD UNIQUE KEY `failed_jobs_uuid_unique` (`uuid`);

--
-- Indexes for table `finished_goods_dispatch`
--
ALTER TABLE `finished_goods_dispatch`
  ADD PRIMARY KEY (`id`);

--
-- Indexes for table `goods_receipt_notes`
--
ALTER TABLE `goods_receipt_notes`
  ADD PRIMARY KEY (`id`);

--
-- Indexes for table `goods_receipt_note_items`
--
ALTER TABLE `goods_receipt_note_items`
  ADD PRIMARY KEY (`id`),
  ADD KEY `goods_receipt_note_items_good_receipt_id_foreign` (`good_receipt_id`);

--
-- Indexes for table `grades`
--
ALTER TABLE `grades`
  ADD PRIMARY KEY (`id`);

--
-- Indexes for table `homogenizing`
--
ALTER TABLE `homogenizing`
  ADD PRIMARY KEY (`id`);

--
-- Indexes for table `homogenizing_list`
--
ALTER TABLE `homogenizing_list`
  ADD PRIMARY KEY (`id`);

--
-- Indexes for table `inward_finished_goods`
--
ALTER TABLE `inward_finished_goods`
  ADD PRIMARY KEY (`id`),
  ADD KEY `inward_finished_goods_grade_foreign` (`grade`);

--
-- Indexes for table `inward_raw_materials`
--
ALTER TABLE `inward_raw_materials`
  ADD PRIMARY KEY (`id`);

--
-- Indexes for table `inward_raw_materials_items`
--
ALTER TABLE `inward_raw_materials_items`
  ADD PRIMARY KEY (`id`),
  ADD KEY `inward_raw_materials_items_inward_raw_material_id_foreign` (`inward_raw_material_id`);

--
-- Indexes for table `issual_by_stores_for_production`
--
ALTER TABLE `issual_by_stores_for_production`
  ADD PRIMARY KEY (`id`);

--
-- Indexes for table `issue_material_production`
--
ALTER TABLE `issue_material_production`
  ADD PRIMARY KEY (`id`);

--
-- Indexes for table `issue_material_production_requestion`
--
ALTER TABLE `issue_material_production_requestion`
  ADD PRIMARY KEY (`id`);

--
-- Indexes for table `issue_material_production_requestion_details`
--
ALTER TABLE `issue_material_production_requestion_details`
  ADD PRIMARY KEY (`id`);

--
-- Indexes for table `line_clearance_record`
--
ALTER TABLE `line_clearance_record`
  ADD PRIMARY KEY (`id`);

--
-- Indexes for table `list_of_equipment_in_manufacturin_process`
--
ALTER TABLE `list_of_equipment_in_manufacturin_process`
  ADD PRIMARY KEY (`id`);

--
-- Indexes for table `manufacturers`
--
ALTER TABLE `manufacturers`
  ADD PRIMARY KEY (`id`);

--
-- Indexes for table `material_details`
--
ALTER TABLE `material_details`
  ADD PRIMARY KEY (`id`);

--
-- Indexes for table `mesurments`
--
ALTER TABLE `mesurments`
  ADD PRIMARY KEY (`id`);

--
-- Indexes for table `migrations`
--
ALTER TABLE `migrations`
  ADD PRIMARY KEY (`id`);

--
-- Indexes for table `mode_of_dispatch`
--
ALTER TABLE `mode_of_dispatch`
  ADD PRIMARY KEY (`id`);

--
-- Indexes for table `packingmaterial_issual_slip`
--
ALTER TABLE `packingmaterial_issual_slip`
  ADD PRIMARY KEY (`id`);

--
-- Indexes for table `packing_material_requisition_slip`
--
ALTER TABLE `packing_material_requisition_slip`
  ADD PRIMARY KEY (`id`);

--
-- Indexes for table `party_master`
--
ALTER TABLE `party_master`
  ADD PRIMARY KEY (`id`);

--
-- Indexes for table `password_resets`
--
ALTER TABLE `password_resets`
  ADD KEY `password_resets_email_index` (`email`);

--
-- Indexes for table `process_lots`
--
ALTER TABLE `process_lots`
  ADD PRIMARY KEY (`id`);

--
-- Indexes for table `quality_controll_check`
--
ALTER TABLE `quality_controll_check`
  ADD PRIMARY KEY (`id`);

--
-- Indexes for table `raw_materials`
--
ALTER TABLE `raw_materials`
  ADD PRIMARY KEY (`id`);

--
-- Indexes for table `roles`
--
ALTER TABLE `roles`
  ADD PRIMARY KEY (`id`);

--
-- Indexes for table `stock`
--
ALTER TABLE `stock`
  ADD PRIMARY KEY (`id`);

--
-- Indexes for table `suppliers`
--
ALTER TABLE `suppliers`
  ADD PRIMARY KEY (`id`);

--
-- Indexes for table `users`
--
ALTER TABLE `users`
  ADD PRIMARY KEY (`id`),
  ADD UNIQUE KEY `users_email_unique` (`email`),
  ADD KEY `users_role_id_index` (`role_id`),
  ADD KEY `users_designation_id_index` (`designation_id`),
  ADD KEY `users_department_id_foreign` (`department_id`);

--
-- AUTO_INCREMENT for dumped tables
--

--
-- AUTO_INCREMENT for table `access_modules`
--
ALTER TABLE `access_modules`
  MODIFY `id` bigint(20) UNSIGNED NOT NULL AUTO_INCREMENT;

--
-- AUTO_INCREMENT for table `actions`
--
ALTER TABLE `actions`
  MODIFY `id` int(10) UNSIGNED NOT NULL AUTO_INCREMENT, AUTO_INCREMENT=6;

--
-- AUTO_INCREMENT for table `add_batch_manufacture`
--
ALTER TABLE `add_batch_manufacture`
  MODIFY `id` bigint(20) UNSIGNED NOT NULL AUTO_INCREMENT, AUTO_INCREMENT=99;

--
-- AUTO_INCREMENT for table `add_lotsl`
--
ALTER TABLE `add_lotsl`
  MODIFY `id` bigint(20) UNSIGNED NOT NULL AUTO_INCREMENT, AUTO_INCREMENT=75;

--
-- AUTO_INCREMENT for table `add_lots_raw_material_detail`
--
ALTER TABLE `add_lots_raw_material_detail`
  MODIFY `id` bigint(20) UNSIGNED NOT NULL AUTO_INCREMENT, AUTO_INCREMENT=90;

--
-- AUTO_INCREMENT for table `ar_no_master`
--
ALTER TABLE `ar_no_master`
  MODIFY `id` int(11) NOT NULL AUTO_INCREMENT, AUTO_INCREMENT=3;

--
-- AUTO_INCREMENT for table `batch_manufacturing_records_line_clearance_record`
--
ALTER TABLE `batch_manufacturing_records_line_clearance_record`
  MODIFY `id` bigint(20) UNSIGNED NOT NULL AUTO_INCREMENT;

--
-- AUTO_INCREMENT for table `batch_manufacturing_records_list_of_equipment`
--
ALTER TABLE `batch_manufacturing_records_list_of_equipment`
  MODIFY `id` bigint(20) UNSIGNED NOT NULL AUTO_INCREMENT, AUTO_INCREMENT=26;

--
-- AUTO_INCREMENT for table `batch_manufacturing_records_packing`
--
ALTER TABLE `batch_manufacturing_records_packing`
  MODIFY `id` bigint(20) UNSIGNED NOT NULL AUTO_INCREMENT, AUTO_INCREMENT=4;

--
-- AUTO_INCREMENT for table `bill_of_raw_material`
--
ALTER TABLE `bill_of_raw_material`
  MODIFY `id` bigint(20) UNSIGNED NOT NULL AUTO_INCREMENT, AUTO_INCREMENT=131;

--
-- AUTO_INCREMENT for table `bill_of_raw_material_details`
--
ALTER TABLE `bill_of_raw_material_details`
  MODIFY `id` bigint(20) UNSIGNED NOT NULL AUTO_INCREMENT, AUTO_INCREMENT=112;

--
-- AUTO_INCREMENT for table `controllers`
--
ALTER TABLE `controllers`
  MODIFY `id` int(10) UNSIGNED NOT NULL AUTO_INCREMENT, AUTO_INCREMENT=4;

--
-- AUTO_INCREMENT for table `department`
--
ALTER TABLE `department`
  MODIFY `id` int(10) UNSIGNED NOT NULL AUTO_INCREMENT, AUTO_INCREMENT=6;

--
-- AUTO_INCREMENT for table `designations`
--
ALTER TABLE `designations`
  MODIFY `id` int(10) UNSIGNED NOT NULL AUTO_INCREMENT, AUTO_INCREMENT=2;

--
-- AUTO_INCREMENT for table `detail_packing_material_requisition`
--
ALTER TABLE `detail_packing_material_requisition`
  MODIFY `id` bigint(20) UNSIGNED NOT NULL AUTO_INCREMENT, AUTO_INCREMENT=257;

--
-- AUTO_INCREMENT for table `failed_jobs`
--
ALTER TABLE `failed_jobs`
  MODIFY `id` bigint(20) UNSIGNED NOT NULL AUTO_INCREMENT;

--
-- AUTO_INCREMENT for table `finished_goods_dispatch`
--
ALTER TABLE `finished_goods_dispatch`
  MODIFY `id` bigint(20) UNSIGNED NOT NULL AUTO_INCREMENT;

--
-- AUTO_INCREMENT for table `goods_receipt_notes`
--
ALTER TABLE `goods_receipt_notes`
  MODIFY `id` int(10) UNSIGNED NOT NULL AUTO_INCREMENT, AUTO_INCREMENT=20;

--
-- AUTO_INCREMENT for table `goods_receipt_note_items`
--
ALTER TABLE `goods_receipt_note_items`
  MODIFY `id` bigint(20) UNSIGNED NOT NULL AUTO_INCREMENT, AUTO_INCREMENT=27;

--
-- AUTO_INCREMENT for table `grades`
--
ALTER TABLE `grades`
  MODIFY `id` int(10) UNSIGNED NOT NULL AUTO_INCREMENT, AUTO_INCREMENT=3;

--
-- AUTO_INCREMENT for table `homogenizing`
--
ALTER TABLE `homogenizing`
  MODIFY `id` int(11) NOT NULL AUTO_INCREMENT, AUTO_INCREMENT=7;

--
-- AUTO_INCREMENT for table `homogenizing_list`
--
ALTER TABLE `homogenizing_list`
  MODIFY `id` int(11) NOT NULL AUTO_INCREMENT, AUTO_INCREMENT=30;

--
-- AUTO_INCREMENT for table `inward_finished_goods`
--
ALTER TABLE `inward_finished_goods`
  MODIFY `id` bigint(20) UNSIGNED NOT NULL AUTO_INCREMENT, AUTO_INCREMENT=2;

--
-- AUTO_INCREMENT for table `inward_raw_materials`
--
ALTER TABLE `inward_raw_materials`
  MODIFY `id` int(10) UNSIGNED NOT NULL AUTO_INCREMENT, AUTO_INCREMENT=21;

--
-- AUTO_INCREMENT for table `inward_raw_materials_items`
--
ALTER TABLE `inward_raw_materials_items`
  MODIFY `id` int(10) UNSIGNED NOT NULL AUTO_INCREMENT, AUTO_INCREMENT=60;

--
-- AUTO_INCREMENT for table `issual_by_stores_for_production`
--
ALTER TABLE `issual_by_stores_for_production`
  MODIFY `id` int(11) NOT NULL AUTO_INCREMENT, AUTO_INCREMENT=3;

--
-- AUTO_INCREMENT for table `issue_material_production`
--
ALTER TABLE `issue_material_production`
  MODIFY `id` bigint(20) UNSIGNED NOT NULL AUTO_INCREMENT, AUTO_INCREMENT=8;

--
-- AUTO_INCREMENT for table `issue_material_production_requestion`
--
ALTER TABLE `issue_material_production_requestion`
  MODIFY `id` int(11) NOT NULL AUTO_INCREMENT, AUTO_INCREMENT=94;

--
-- AUTO_INCREMENT for table `issue_material_production_requestion_details`
--
ALTER TABLE `issue_material_production_requestion_details`
  MODIFY `id` int(11) NOT NULL AUTO_INCREMENT, AUTO_INCREMENT=130;

--
-- AUTO_INCREMENT for table `line_clearance_record`
--
ALTER TABLE `line_clearance_record`
  MODIFY `id` bigint(20) UNSIGNED NOT NULL AUTO_INCREMENT;

--
-- AUTO_INCREMENT for table `list_of_equipment_in_manufacturin_process`
--
ALTER TABLE `list_of_equipment_in_manufacturin_process`
  MODIFY `id` bigint(20) UNSIGNED NOT NULL AUTO_INCREMENT, AUTO_INCREMENT=28;

--
-- AUTO_INCREMENT for table `manufacturers`
--
ALTER TABLE `manufacturers`
  MODIFY `id` bigint(20) UNSIGNED NOT NULL AUTO_INCREMENT, AUTO_INCREMENT=7;

--
-- AUTO_INCREMENT for table `material_details`
--
ALTER TABLE `material_details`
  MODIFY `id` bigint(20) UNSIGNED NOT NULL AUTO_INCREMENT, AUTO_INCREMENT=13;

--
-- AUTO_INCREMENT for table `mesurments`
--
ALTER TABLE `mesurments`
  MODIFY `id` bigint(20) UNSIGNED NOT NULL AUTO_INCREMENT, AUTO_INCREMENT=5;

--
-- AUTO_INCREMENT for table `migrations`
--
ALTER TABLE `migrations`
  MODIFY `id` int(10) UNSIGNED NOT NULL AUTO_INCREMENT, AUTO_INCREMENT=84;

--
-- AUTO_INCREMENT for table `mode_of_dispatch`
--
ALTER TABLE `mode_of_dispatch`
  MODIFY `id` int(10) UNSIGNED NOT NULL AUTO_INCREMENT, AUTO_INCREMENT=2;

--
-- AUTO_INCREMENT for table `packingmaterial_issual_slip`
--
ALTER TABLE `packingmaterial_issual_slip`
  MODIFY `id` bigint(20) UNSIGNED NOT NULL AUTO_INCREMENT, AUTO_INCREMENT=13;

--
-- AUTO_INCREMENT for table `packing_material_requisition_slip`
--
ALTER TABLE `packing_material_requisition_slip`
  MODIFY `id` bigint(20) UNSIGNED NOT NULL AUTO_INCREMENT, AUTO_INCREMENT=167;

--
-- AUTO_INCREMENT for table `party_master`
--
ALTER TABLE `party_master`
  MODIFY `id` int(11) NOT NULL AUTO_INCREMENT, AUTO_INCREMENT=4;

--
-- AUTO_INCREMENT for table `process_lots`
--
ALTER TABLE `process_lots`
  MODIFY `id` int(15) NOT NULL AUTO_INCREMENT, AUTO_INCREMENT=178;

--
-- AUTO_INCREMENT for table `quality_controll_check`
--
ALTER TABLE `quality_controll_check`
  MODIFY `id` int(11) NOT NULL AUTO_INCREMENT, AUTO_INCREMENT=8;

--
-- AUTO_INCREMENT for table `raw_materials`
--
ALTER TABLE `raw_materials`
  MODIFY `id` bigint(20) UNSIGNED NOT NULL AUTO_INCREMENT, AUTO_INCREMENT=34;

--
-- AUTO_INCREMENT for table `roles`
--
ALTER TABLE `roles`
  MODIFY `id` int(10) UNSIGNED NOT NULL AUTO_INCREMENT, AUTO_INCREMENT=3;

--
-- AUTO_INCREMENT for table `stock`
--
ALTER TABLE `stock`
  MODIFY `id` int(11) NOT NULL AUTO_INCREMENT;

--
-- AUTO_INCREMENT for table `suppliers`
--
ALTER TABLE `suppliers`
  MODIFY `id` bigint(20) UNSIGNED NOT NULL AUTO_INCREMENT, AUTO_INCREMENT=8;

--
-- AUTO_INCREMENT for table `users`
--
ALTER TABLE `users`
  MODIFY `id` int(10) UNSIGNED NOT NULL AUTO_INCREMENT, AUTO_INCREMENT=2;

--
-- Constraints for dumped tables
--

--
-- Constraints for table `access_modules`
--
ALTER TABLE `access_modules`
  ADD CONSTRAINT `access_modules_action_id_foreign` FOREIGN KEY (`action_id`) REFERENCES `actions` (`id`),
  ADD CONSTRAINT `access_modules_controller_id_foreign` FOREIGN KEY (`controller_id`) REFERENCES `controllers` (`id`),
  ADD CONSTRAINT `access_modules_user_id_foreign` FOREIGN KEY (`user_id`) REFERENCES `users` (`id`);

--
-- Constraints for table `goods_receipt_note_items`
--
ALTER TABLE `goods_receipt_note_items`
  ADD CONSTRAINT `goods_receipt_note_items_good_receipt_id_foreign` FOREIGN KEY (`good_receipt_id`) REFERENCES `goods_receipt_notes` (`id`) ON DELETE CASCADE;

--
-- Constraints for table `inward_finished_goods`
--
ALTER TABLE `inward_finished_goods`
  ADD CONSTRAINT `inward_finished_goods_grade_foreign` FOREIGN KEY (`grade`) REFERENCES `grades` (`id`) ON DELETE CASCADE;

--
-- Constraints for table `inward_raw_materials_items`
--
ALTER TABLE `inward_raw_materials_items`
  ADD CONSTRAINT `inward_raw_materials_items_inward_raw_material_id_foreign` FOREIGN KEY (`inward_raw_material_id`) REFERENCES `inward_raw_materials` (`id`) ON DELETE CASCADE;

--
-- Constraints for table `users`
--
ALTER TABLE `users`
  ADD CONSTRAINT `users_department_id_foreign` FOREIGN KEY (`department_id`) REFERENCES `department` (`id`),
  ADD CONSTRAINT `users_designation_id_foreign` FOREIGN KEY (`designation_id`) REFERENCES `designations` (`id`),
  ADD CONSTRAINT `users_role_id_foreign` FOREIGN KEY (`role_id`) REFERENCES `roles` (`id`);
COMMIT;

/*!40101 SET CHARACTER_SET_CLIENT=@OLD_CHARACTER_SET_CLIENT */;
/*!40101 SET CHARACTER_SET_RESULTS=@OLD_CHARACTER_SET_RESULTS */;
/*!40101 SET COLLATION_CONNECTION=@OLD_COLLATION_CONNECTION */;
